"person_id","first_name","middle_name","last_name","email","active","comments"
-6000,"MSU",NA,"Student",NA,0,"Fictional person for MSU campus trees project in 2017, when no observer listed"
-6001,NA,NA,"10006189",NA,0,"MSU campus trees project student observer, pre 2026"
-6002,NA,NA,"10088850",NA,0,"MSU campus trees project student observer, pre 2026"
-6003,NA,NA,"10128070",NA,0,"MSU campus trees project student observer, pre 2026"
-6004,NA,NA,"10158682",NA,0,"MSU campus trees project student observer, pre 2026"
-6005,NA,NA,"10171301",NA,0,"MSU campus trees project student observer, pre 2026"
-6006,NA,NA,"10177123",NA,0,"MSU campus trees project student observer, pre 2026"
-6007,NA,NA,"10192561",NA,0,"MSU campus trees project student observer, pre 2026"
-6008,NA,NA,"10204671",NA,0,"MSU campus trees project student observer, pre 2026"
-6009,NA,NA,"10208607",NA,0,"MSU campus trees project student observer, pre 2026"
-6010,NA,NA,"10233623",NA,0,"MSU campus trees project student observer, pre 2026"
-6011,NA,NA,"10237896",NA,0,"MSU campus trees project student observer, pre 2026"
-6012,NA,NA,"10250662",NA,0,"MSU campus trees project student observer, pre 2026"
-6013,NA,NA,"10279418",NA,0,"MSU campus trees project student observer, pre 2026"
-6014,NA,NA,"10321160",NA,0,"MSU campus trees project student observer, pre 2026"
-6015,NA,NA,"10352033",NA,0,"MSU campus trees project student observer, pre 2026"
-6016,NA,NA,"10378881",NA,0,"MSU campus trees project student observer, pre 2026"
-6017,NA,NA,"10425743",NA,0,"MSU campus trees project student observer, pre 2026"
-6018,NA,NA,"10439393",NA,0,"MSU campus trees project student observer, pre 2026"
-6019,NA,NA,"10541380",NA,0,"MSU campus trees project student observer, pre 2026"
-6020,NA,NA,"10564264",NA,0,"MSU campus trees project student observer, pre 2026"
-6021,NA,NA,"10579744",NA,0,"MSU campus trees project student observer, pre 2026"
-6022,NA,NA,"10603414",NA,0,"MSU campus trees project student observer, pre 2026"
-6023,NA,NA,"10610781",NA,0,"MSU campus trees project student observer, pre 2026"
-6024,NA,NA,"10683407",NA,0,"MSU campus trees project student observer, pre 2026"
-6025,NA,NA,"10735672",NA,0,"MSU campus trees project student observer, pre 2026"
-6026,NA,NA,"10776563",NA,0,"MSU campus trees project student observer, pre 2026"
-6027,NA,NA,"10808103",NA,0,"MSU campus trees project student observer, pre 2026"
-6028,NA,NA,"10825774",NA,0,"MSU campus trees project student observer, pre 2026"
-6029,NA,NA,"10841568",NA,0,"MSU campus trees project student observer, pre 2026"
-6030,NA,NA,"10886187",NA,0,"MSU campus trees project student observer, pre 2026"
-6031,NA,NA,"10957903",NA,0,"MSU campus trees project student observer, pre 2026"
-6032,NA,NA,"10965734",NA,0,"MSU campus trees project student observer, pre 2026"
-6033,NA,NA,"10985166",NA,0,"MSU campus trees project student observer, pre 2026"
-6034,NA,NA,"11040937",NA,0,"MSU campus trees project student observer, pre 2026"
-6035,NA,NA,"11060756",NA,0,"MSU campus trees project student observer, pre 2026"
-6036,NA,NA,"11086571",NA,0,"MSU campus trees project student observer, pre 2026"
-6037,NA,NA,"11214017",NA,0,"MSU campus trees project student observer, pre 2026"
-6038,NA,NA,"11253829",NA,0,"MSU campus trees project student observer, pre 2026"
-6039,NA,NA,"11314422",NA,0,"MSU campus trees project student observer, pre 2026"
-6040,NA,NA,"11456468",NA,0,"MSU campus trees project student observer, pre 2026"
-6041,NA,NA,"11510085",NA,0,"MSU campus trees project student observer, pre 2026"
-6042,NA,NA,"11536092",NA,0,"MSU campus trees project student observer, pre 2026"
-6043,NA,NA,"11547758",NA,0,"MSU campus trees project student observer, pre 2026"
-6044,NA,NA,"11562716",NA,0,"MSU campus trees project student observer, pre 2026"
-6045,NA,NA,"11566557",NA,0,"MSU campus trees project student observer, pre 2026"
-6046,NA,NA,"11596808",NA,0,"MSU campus trees project student observer, pre 2026"
-6047,NA,NA,"11603962",NA,0,"MSU campus trees project student observer, pre 2026"
-6048,NA,NA,"11612420",NA,0,"MSU campus trees project student observer, pre 2026"
-6049,NA,NA,"11622574",NA,0,"MSU campus trees project student observer, pre 2026"
-6050,NA,NA,"11627746",NA,0,"MSU campus trees project student observer, pre 2026"
-6051,NA,NA,"11638151",NA,0,"MSU campus trees project student observer, pre 2026"
-6052,NA,NA,"11721564",NA,0,"MSU campus trees project student observer, pre 2026"
-6053,NA,NA,"11769417",NA,0,"MSU campus trees project student observer, pre 2026"
-6054,NA,NA,"11774104",NA,0,"MSU campus trees project student observer, pre 2026"
-6055,NA,NA,"11820407",NA,0,"MSU campus trees project student observer, pre 2026"
-6056,NA,NA,"11852618",NA,0,"MSU campus trees project student observer, pre 2026"
-6057,NA,NA,"11857270",NA,0,"MSU campus trees project student observer, pre 2026"
-6058,NA,NA,"11874163",NA,0,"MSU campus trees project student observer, pre 2026"
-6059,NA,NA,"11991112",NA,0,"MSU campus trees project student observer, pre 2026"
-6060,NA,NA,"12002435",NA,0,"MSU campus trees project student observer, pre 2026"
-6061,NA,NA,"12010749",NA,0,"MSU campus trees project student observer, pre 2026"
-6062,NA,NA,"12061735",NA,0,"MSU campus trees project student observer, pre 2026"
-6063,NA,NA,"12079211",NA,0,"MSU campus trees project student observer, pre 2026"
-6064,NA,NA,"12079380",NA,0,"MSU campus trees project student observer, pre 2026"
-6065,NA,NA,"12098389",NA,0,"MSU campus trees project student observer, pre 2026"
-6066,NA,NA,"12111925",NA,0,"MSU campus trees project student observer, pre 2026"
-6067,NA,NA,"12149827",NA,0,"MSU campus trees project student observer, pre 2026"
-6068,NA,NA,"12163160",NA,0,"MSU campus trees project student observer, pre 2026"
-6069,NA,NA,"12202672",NA,0,"MSU campus trees project student observer, pre 2026"
-6070,NA,NA,"12250393",NA,0,"MSU campus trees project student observer, pre 2026"
-6071,NA,NA,"12268292",NA,0,"MSU campus trees project student observer, pre 2026"
-6072,NA,NA,"12272639",NA,0,"MSU campus trees project student observer, pre 2026"
-6073,NA,NA,"12344762",NA,0,"MSU campus trees project student observer, pre 2026"
-6074,NA,NA,"12347698",NA,0,"MSU campus trees project student observer, pre 2026"
-6075,NA,NA,"12367724",NA,0,"MSU campus trees project student observer, pre 2026"
-6076,NA,NA,"12402646",NA,0,"MSU campus trees project student observer, pre 2026"
-6077,NA,NA,"12462537",NA,0,"MSU campus trees project student observer, pre 2026"
-6078,NA,NA,"12490478",NA,0,"MSU campus trees project student observer, pre 2026"
-6079,NA,NA,"12502163",NA,0,"MSU campus trees project student observer, pre 2026"
-6080,NA,NA,"12549560",NA,0,"MSU campus trees project student observer, pre 2026"
-6081,NA,NA,"12550067",NA,0,"MSU campus trees project student observer, pre 2026"
-6082,NA,NA,"12587842",NA,0,"MSU campus trees project student observer, pre 2026"
-6083,NA,NA,"12647182",NA,0,"MSU campus trees project student observer, pre 2026"
-6084,NA,NA,"12674751",NA,0,"MSU campus trees project student observer, pre 2026"
-6085,NA,NA,"12678402",NA,0,"MSU campus trees project student observer, pre 2026"
-6086,NA,NA,"12720918",NA,0,"MSU campus trees project student observer, pre 2026"
-6087,NA,NA,"12722451",NA,0,"MSU campus trees project student observer, pre 2026"
-6088,NA,NA,"12726515",NA,0,"MSU campus trees project student observer, pre 2026"
-6089,NA,NA,"12780333",NA,0,"MSU campus trees project student observer, pre 2026"
-6090,NA,NA,"12806230",NA,0,"MSU campus trees project student observer, pre 2026"
-6091,NA,NA,"12818721",NA,0,"MSU campus trees project student observer, pre 2026"
-6092,NA,NA,"12828742",NA,0,"MSU campus trees project student observer, pre 2026"
-6093,NA,NA,"12850566",NA,0,"MSU campus trees project student observer, pre 2026"
-6094,NA,NA,"12968636",NA,0,"MSU campus trees project student observer, pre 2026"
-6095,NA,NA,"12971055",NA,0,"MSU campus trees project student observer, pre 2026"
-6096,NA,NA,"13001530",NA,0,"MSU campus trees project student observer, pre 2026"
-6097,NA,NA,"13058191",NA,0,"MSU campus trees project student observer, pre 2026"
-6098,NA,NA,"13158222",NA,0,"MSU campus trees project student observer, pre 2026"
-6099,NA,NA,"13185062",NA,0,"MSU campus trees project student observer, pre 2026"
-6100,NA,NA,"13266298",NA,0,"MSU campus trees project student observer, pre 2026"
-6101,NA,NA,"13274057",NA,0,"MSU campus trees project student observer, pre 2026"
-6102,NA,NA,"13301887",NA,0,"MSU campus trees project student observer, pre 2026"
-6103,NA,NA,"13326786",NA,0,"MSU campus trees project student observer, pre 2026"
-6104,NA,NA,"13327329",NA,0,"MSU campus trees project student observer, pre 2026"
-6105,NA,NA,"13328145",NA,0,"MSU campus trees project student observer, pre 2026"
-6106,NA,NA,"13331869",NA,0,"MSU campus trees project student observer, pre 2026"
-6107,NA,NA,"13352151",NA,0,"MSU campus trees project student observer, pre 2026"
-6108,NA,NA,"13370338",NA,0,"MSU campus trees project student observer, pre 2026"
-6109,NA,NA,"13370405",NA,0,"MSU campus trees project student observer, pre 2026"
-6110,NA,NA,"13384614",NA,0,"MSU campus trees project student observer, pre 2026"
-6111,NA,NA,"13388546",NA,0,"MSU campus trees project student observer, pre 2026"
-6112,NA,NA,"13418617",NA,0,"MSU campus trees project student observer, pre 2026"
-6113,NA,NA,"13442028",NA,0,"MSU campus trees project student observer, pre 2026"
-6114,NA,NA,"13452038",NA,0,"MSU campus trees project student observer, pre 2026"
-6115,NA,NA,"13465078",NA,0,"MSU campus trees project student observer, pre 2026"
-6116,NA,NA,"13473229",NA,0,"MSU campus trees project student observer, pre 2026"
-6117,NA,NA,"13505933",NA,0,"MSU campus trees project student observer, pre 2026"
-6118,NA,NA,"13552214",NA,0,"MSU campus trees project student observer, pre 2026"
-6119,NA,NA,"13557454",NA,0,"MSU campus trees project student observer, pre 2026"
-6120,NA,NA,"13561267",NA,0,"MSU campus trees project student observer, pre 2026"
-6121,NA,NA,"13636709",NA,0,"MSU campus trees project student observer, pre 2026"
-6122,NA,NA,"13684256",NA,0,"MSU campus trees project student observer, pre 2026"
-6123,NA,NA,"13697393",NA,0,"MSU campus trees project student observer, pre 2026"
-6124,NA,NA,"13699594",NA,0,"MSU campus trees project student observer, pre 2026"
-6125,NA,NA,"13712142",NA,0,"MSU campus trees project student observer, pre 2026"
-6126,NA,NA,"13715851",NA,0,"MSU campus trees project student observer, pre 2026"
-6127,NA,NA,"13720908",NA,0,"MSU campus trees project student observer, pre 2026"
-6128,NA,NA,"13770932",NA,0,"MSU campus trees project student observer, pre 2026"
-6129,NA,NA,"13796852",NA,0,"MSU campus trees project student observer, pre 2026"
-6130,NA,NA,"13883743",NA,0,"MSU campus trees project student observer, pre 2026"
-6131,NA,NA,"13888671",NA,0,"MSU campus trees project student observer, pre 2026"
-6132,NA,NA,"13904244",NA,0,"MSU campus trees project student observer, pre 2026"
-6133,NA,NA,"13938191",NA,0,"MSU campus trees project student observer, pre 2026"
-6134,NA,NA,"13966263",NA,0,"MSU campus trees project student observer, pre 2026"
-6135,NA,NA,"14040303",NA,0,"MSU campus trees project student observer, pre 2026"
-6136,NA,NA,"14093934",NA,0,"MSU campus trees project student observer, pre 2026"
-6137,NA,NA,"14110295",NA,0,"MSU campus trees project student observer, pre 2026"
-6138,NA,NA,"14136826",NA,0,"MSU campus trees project student observer, pre 2026"
-6139,NA,NA,"14142842",NA,0,"MSU campus trees project student observer, pre 2026"
-6140,NA,NA,"14155127",NA,0,"MSU campus trees project student observer, pre 2026"
-6141,NA,NA,"14173436",NA,0,"MSU campus trees project student observer, pre 2026"
-6142,NA,NA,"14213054",NA,0,"MSU campus trees project student observer, pre 2026"
-6143,NA,NA,"14225684",NA,0,"MSU campus trees project student observer, pre 2026"
-6144,NA,NA,"14372988",NA,0,"MSU campus trees project student observer, pre 2026"
-6145,NA,NA,"14407133",NA,0,"MSU campus trees project student observer, pre 2026"
-6146,NA,NA,"14434542",NA,0,"MSU campus trees project student observer, pre 2026"
-6147,NA,NA,"14467223",NA,0,"MSU campus trees project student observer, pre 2026"
-6148,NA,NA,"14489110",NA,0,"MSU campus trees project student observer, pre 2026"
-6149,NA,NA,"14499209",NA,0,"MSU campus trees project student observer, pre 2026"
-6150,NA,NA,"14527718",NA,0,"MSU campus trees project student observer, pre 2026"
-6151,NA,NA,"14528257",NA,0,"MSU campus trees project student observer, pre 2026"
-6152,NA,NA,"14708507",NA,0,"MSU campus trees project student observer, pre 2026"
-6153,NA,NA,"14745299",NA,0,"MSU campus trees project student observer, pre 2026"
-6154,NA,NA,"14808697",NA,0,"MSU campus trees project student observer, pre 2026"
-6155,NA,NA,"14819659",NA,0,"MSU campus trees project student observer, pre 2026"
-6156,NA,NA,"14835700",NA,0,"MSU campus trees project student observer, pre 2026"
-6157,NA,NA,"14882876",NA,0,"MSU campus trees project student observer, pre 2026"
-6158,NA,NA,"14891177",NA,0,"MSU campus trees project student observer, pre 2026"
-6159,NA,NA,"14901000",NA,0,"MSU campus trees project student observer, pre 2026"
-6160,NA,NA,"14923324",NA,0,"MSU campus trees project student observer, pre 2026"
-6161,NA,NA,"14994872",NA,0,"MSU campus trees project student observer, pre 2026"
-6162,NA,NA,"15040191",NA,0,"MSU campus trees project student observer, pre 2026"
-6163,NA,NA,"15044288",NA,0,"MSU campus trees project student observer, pre 2026"
-6164,NA,NA,"15046662",NA,0,"MSU campus trees project student observer, pre 2026"
-6165,NA,NA,"15059897",NA,0,"MSU campus trees project student observer, pre 2026"
-6166,NA,NA,"15070116",NA,0,"MSU campus trees project student observer, pre 2026"
-6167,NA,NA,"15076051",NA,0,"MSU campus trees project student observer, pre 2026"
-6168,NA,NA,"15076653",NA,0,"MSU campus trees project student observer, pre 2026"
-6169,NA,NA,"15096847",NA,0,"MSU campus trees project student observer, pre 2026"
-6170,NA,NA,"15105028",NA,0,"MSU campus trees project student observer, pre 2026"
-6171,NA,NA,"15202520",NA,0,"MSU campus trees project student observer, pre 2026"
-6172,NA,NA,"15213370",NA,0,"MSU campus trees project student observer, pre 2026"
-6173,NA,NA,"15252648",NA,0,"MSU campus trees project student observer, pre 2026"
-6174,NA,NA,"15347064",NA,0,"MSU campus trees project student observer, pre 2026"
-6175,NA,NA,"15382721",NA,0,"MSU campus trees project student observer, pre 2026"
-6176,NA,NA,"15421910",NA,0,"MSU campus trees project student observer, pre 2026"
-6177,NA,NA,"15438635",NA,0,"MSU campus trees project student observer, pre 2026"
-6178,NA,NA,"15498860",NA,0,"MSU campus trees project student observer, pre 2026"
-6179,NA,NA,"15552784",NA,0,"MSU campus trees project student observer, pre 2026"
-6180,NA,NA,"15553179",NA,0,"MSU campus trees project student observer, pre 2026"
-6181,NA,NA,"15563615",NA,0,"MSU campus trees project student observer, pre 2026"
-6182,NA,NA,"15573186",NA,0,"MSU campus trees project student observer, pre 2026"
-6183,NA,NA,"15593220",NA,0,"MSU campus trees project student observer, pre 2026"
-6184,NA,NA,"15611167",NA,0,"MSU campus trees project student observer, pre 2026"
-6185,NA,NA,"15615543",NA,0,"MSU campus trees project student observer, pre 2026"
-6186,NA,NA,"15652444",NA,0,"MSU campus trees project student observer, pre 2026"
-6187,NA,NA,"15663713",NA,0,"MSU campus trees project student observer, pre 2026"
-6188,NA,NA,"15747108",NA,0,"MSU campus trees project student observer, pre 2026"
-6189,NA,NA,"15852960",NA,0,"MSU campus trees project student observer, pre 2026"
-6190,NA,NA,"15870169",NA,0,"MSU campus trees project student observer, pre 2026"
-6191,NA,NA,"15947835",NA,0,"MSU campus trees project student observer, pre 2026"
-6192,NA,NA,"15971970",NA,0,"MSU campus trees project student observer, pre 2026"
-6193,NA,NA,"16019727",NA,0,"MSU campus trees project student observer, pre 2026"
-6194,NA,NA,"16075041",NA,0,"MSU campus trees project student observer, pre 2026"
-6195,NA,NA,"16076109",NA,0,"MSU campus trees project student observer, pre 2026"
-6196,NA,NA,"16087078",NA,0,"MSU campus trees project student observer, pre 2026"
-6197,NA,NA,"16231878",NA,0,"MSU campus trees project student observer, pre 2026"
-6198,NA,NA,"16237842",NA,0,"MSU campus trees project student observer, pre 2026"
-6199,NA,NA,"16297633",NA,0,"MSU campus trees project student observer, pre 2026"
-6200,NA,NA,"16305760",NA,0,"MSU campus trees project student observer, pre 2026"
-6201,NA,NA,"16313072",NA,0,"MSU campus trees project student observer, pre 2026"
-6202,NA,NA,"16319995",NA,0,"MSU campus trees project student observer, pre 2026"
-6203,NA,NA,"16320261",NA,0,"MSU campus trees project student observer, pre 2026"
-6204,NA,NA,"16360877",NA,0,"MSU campus trees project student observer, pre 2026"
-6205,NA,NA,"16369110",NA,0,"MSU campus trees project student observer, pre 2026"
-6206,NA,NA,"16375886",NA,0,"MSU campus trees project student observer, pre 2026"
-6207,NA,NA,"16430712",NA,0,"MSU campus trees project student observer, pre 2026"
-6208,NA,NA,"16443431",NA,0,"MSU campus trees project student observer, pre 2026"
-6209,NA,NA,"16516278",NA,0,"MSU campus trees project student observer, pre 2026"
-6210,NA,NA,"16594549",NA,0,"MSU campus trees project student observer, pre 2026"
-6211,NA,NA,"16616119",NA,0,"MSU campus trees project student observer, pre 2026"
-6212,NA,NA,"16631489",NA,0,"MSU campus trees project student observer, pre 2026"
-6213,NA,NA,"16661236",NA,0,"MSU campus trees project student observer, pre 2026"
-6214,NA,NA,"16675571",NA,0,"MSU campus trees project student observer, pre 2026"
-6215,NA,NA,"16675588",NA,0,"MSU campus trees project student observer, pre 2026"
-6216,NA,NA,"16750195",NA,0,"MSU campus trees project student observer, pre 2026"
-6217,NA,NA,"16755421",NA,0,"MSU campus trees project student observer, pre 2026"
-6218,NA,NA,"16894408",NA,0,"MSU campus trees project student observer, pre 2026"
-6219,NA,NA,"16970501",NA,0,"MSU campus trees project student observer, pre 2026"
-6220,NA,NA,"16997307",NA,0,"MSU campus trees project student observer, pre 2026"
-6221,NA,NA,"17008479",NA,0,"MSU campus trees project student observer, pre 2026"
-6222,NA,NA,"17010421",NA,0,"MSU campus trees project student observer, pre 2026"
-6223,NA,NA,"17027224",NA,0,"MSU campus trees project student observer, pre 2026"
-6224,NA,NA,"17034362",NA,0,"MSU campus trees project student observer, pre 2026"
-6225,NA,NA,"17052843",NA,0,"MSU campus trees project student observer, pre 2026"
-6226,NA,NA,"17091481",NA,0,"MSU campus trees project student observer, pre 2026"
-6227,NA,NA,"17092660",NA,0,"MSU campus trees project student observer, pre 2026"
-6228,NA,NA,"17152610",NA,0,"MSU campus trees project student observer, pre 2026"
-6229,NA,NA,"17157294",NA,0,"MSU campus trees project student observer, pre 2026"
-6230,NA,NA,"17203606",NA,0,"MSU campus trees project student observer, pre 2026"
-6231,NA,NA,"17327368",NA,0,"MSU campus trees project student observer, pre 2026"
-6232,NA,NA,"17343100",NA,0,"MSU campus trees project student observer, pre 2026"
-6233,NA,NA,"17353436",NA,0,"MSU campus trees project student observer, pre 2026"
-6234,NA,NA,"17359846",NA,0,"MSU campus trees project student observer, pre 2026"
-6235,NA,NA,"17420210",NA,0,"MSU campus trees project student observer, pre 2026"
-6236,NA,NA,"17478737",NA,0,"MSU campus trees project student observer, pre 2026"
-6237,NA,NA,"17519557",NA,0,"MSU campus trees project student observer, pre 2026"
-6238,NA,NA,"17521118",NA,0,"MSU campus trees project student observer, pre 2026"
-6239,NA,NA,"17542081",NA,0,"MSU campus trees project student observer, pre 2026"
-6240,NA,NA,"17547248",NA,0,"MSU campus trees project student observer, pre 2026"
-6241,NA,NA,"17560754",NA,0,"MSU campus trees project student observer, pre 2026"
-6242,NA,NA,"17576929",NA,0,"MSU campus trees project student observer, pre 2026"
-6243,NA,NA,"17585131",NA,0,"MSU campus trees project student observer, pre 2026"
-6244,NA,NA,"17599861",NA,0,"MSU campus trees project student observer, pre 2026"
-6245,NA,NA,"17640971",NA,0,"MSU campus trees project student observer, pre 2026"
-6246,NA,NA,"17676866",NA,0,"MSU campus trees project student observer, pre 2026"
-6247,NA,NA,"17682502",NA,0,"MSU campus trees project student observer, pre 2026"
-6248,NA,NA,"17694465",NA,0,"MSU campus trees project student observer, pre 2026"
-6249,NA,NA,"17717614",NA,0,"MSU campus trees project student observer, pre 2026"
-6250,NA,NA,"17742157",NA,0,"MSU campus trees project student observer, pre 2026"
-6251,NA,NA,"17769355",NA,0,"MSU campus trees project student observer, pre 2026"
-6252,NA,NA,"17772147",NA,0,"MSU campus trees project student observer, pre 2026"
-6253,NA,NA,"17778161",NA,0,"MSU campus trees project student observer, pre 2026"
-6254,NA,NA,"17779626",NA,0,"MSU campus trees project student observer, pre 2026"
-6255,NA,NA,"17781862",NA,0,"MSU campus trees project student observer, pre 2026"
-6256,NA,NA,"17871104",NA,0,"MSU campus trees project student observer, pre 2026"
-6257,NA,NA,"17876232",NA,0,"MSU campus trees project student observer, pre 2026"
-6258,NA,NA,"17892162",NA,0,"MSU campus trees project student observer, pre 2026"
-6259,NA,NA,"17908176",NA,0,"MSU campus trees project student observer, pre 2026"
-6260,NA,NA,"17910376",NA,0,"MSU campus trees project student observer, pre 2026"
-6261,NA,NA,"17935921",NA,0,"MSU campus trees project student observer, pre 2026"
-6262,NA,NA,"17978080",NA,0,"MSU campus trees project student observer, pre 2026"
-6263,NA,NA,"18008502",NA,0,"MSU campus trees project student observer, pre 2026"
-6264,NA,NA,"18037306",NA,0,"MSU campus trees project student observer, pre 2026"
-6265,NA,NA,"18044415",NA,0,"MSU campus trees project student observer, pre 2026"
-6266,NA,NA,"18066489",NA,0,"MSU campus trees project student observer, pre 2026"
-6267,NA,NA,"18104222",NA,0,"MSU campus trees project student observer, pre 2026"
-6268,NA,NA,"18126273",NA,0,"MSU campus trees project student observer, pre 2026"
-6269,NA,NA,"18204580",NA,0,"MSU campus trees project student observer, pre 2026"
-6270,NA,NA,"18216131",NA,0,"MSU campus trees project student observer, pre 2026"
-6271,NA,NA,"18263300",NA,0,"MSU campus trees project student observer, pre 2026"
-6272,NA,NA,"18342004",NA,0,"MSU campus trees project student observer, pre 2026"
-6273,NA,NA,"18351523",NA,0,"MSU campus trees project student observer, pre 2026"
-6274,NA,NA,"18413139",NA,0,"MSU campus trees project student observer, pre 2026"
-6275,NA,NA,"18436530",NA,0,"MSU campus trees project student observer, pre 2026"
-6276,NA,NA,"18461959",NA,0,"MSU campus trees project student observer, pre 2026"
-6277,NA,NA,"18475190",NA,0,"MSU campus trees project student observer, pre 2026"
-6278,NA,NA,"18496614",NA,0,"MSU campus trees project student observer, pre 2026"
-6279,NA,NA,"18501997",NA,0,"MSU campus trees project student observer, pre 2026"
-6280,NA,NA,"18554706",NA,0,"MSU campus trees project student observer, pre 2026"
-6281,NA,NA,"18563360",NA,0,"MSU campus trees project student observer, pre 2026"
-6282,NA,NA,"18571061",NA,0,"MSU campus trees project student observer, pre 2026"
-6283,NA,NA,"18575368",NA,0,"MSU campus trees project student observer, pre 2026"
-6284,NA,NA,"18602740",NA,0,"MSU campus trees project student observer, pre 2026"
-6285,NA,NA,"18604335",NA,0,"MSU campus trees project student observer, pre 2026"
-6286,NA,NA,"18618566",NA,0,"MSU campus trees project student observer, pre 2026"
-6287,NA,NA,"18630579",NA,0,"MSU campus trees project student observer, pre 2026"
-6288,NA,NA,"18668485",NA,0,"MSU campus trees project student observer, pre 2026"
-6289,NA,NA,"18669624",NA,0,"MSU campus trees project student observer, pre 2026"
-6290,NA,NA,"18669985",NA,0,"MSU campus trees project student observer, pre 2026"
-6291,NA,NA,"18686607",NA,0,"MSU campus trees project student observer, pre 2026"
-6292,NA,NA,"18704484",NA,0,"MSU campus trees project student observer, pre 2026"
-6293,NA,NA,"18729500",NA,0,"MSU campus trees project student observer, pre 2026"
-6294,NA,NA,"18806566",NA,0,"MSU campus trees project student observer, pre 2026"
-6295,NA,NA,"18810586",NA,0,"MSU campus trees project student observer, pre 2026"
-6296,NA,NA,"18814335",NA,0,"MSU campus trees project student observer, pre 2026"
-6297,NA,NA,"18854335",NA,0,"MSU campus trees project student observer, pre 2026"
-6298,NA,NA,"18861768",NA,0,"MSU campus trees project student observer, pre 2026"
-6299,NA,NA,"18938718",NA,0,"MSU campus trees project student observer, pre 2026"
-6300,NA,NA,"18977533",NA,0,"MSU campus trees project student observer, pre 2026"
-6301,NA,NA,"18992214",NA,0,"MSU campus trees project student observer, pre 2026"
-6302,NA,NA,"19058090",NA,0,"MSU campus trees project student observer, pre 2026"
-6303,NA,NA,"19114051",NA,0,"MSU campus trees project student observer, pre 2026"
-6304,NA,NA,"19133879",NA,0,"MSU campus trees project student observer, pre 2026"
-6305,NA,NA,"19150210",NA,0,"MSU campus trees project student observer, pre 2026"
-6306,NA,NA,"19151433",NA,0,"MSU campus trees project student observer, pre 2026"
-6307,NA,NA,"19156062",NA,0,"MSU campus trees project student observer, pre 2026"
-6308,NA,NA,"19197992",NA,0,"MSU campus trees project student observer, pre 2026"
-6309,NA,NA,"19201747",NA,0,"MSU campus trees project student observer, pre 2026"
-6310,NA,NA,"19241105",NA,0,"MSU campus trees project student observer, pre 2026"
-6311,NA,NA,"19293423",NA,0,"MSU campus trees project student observer, pre 2026"
-6312,NA,NA,"19318080",NA,0,"MSU campus trees project student observer, pre 2026"
-6313,NA,NA,"19320077",NA,0,"MSU campus trees project student observer, pre 2026"
-6314,NA,NA,"19375389",NA,0,"MSU campus trees project student observer, pre 2026"
-6315,NA,NA,"19379784",NA,0,"MSU campus trees project student observer, pre 2026"
-6316,NA,NA,"19399214",NA,0,"MSU campus trees project student observer, pre 2026"
-6317,NA,NA,"19433161",NA,0,"MSU campus trees project student observer, pre 2026"
-6318,NA,NA,"19444801",NA,0,"MSU campus trees project student observer, pre 2026"
-6319,NA,NA,"19477100",NA,0,"MSU campus trees project student observer, pre 2026"
-6320,NA,NA,"19527372",NA,0,"MSU campus trees project student observer, pre 2026"
-6321,NA,NA,"19563032",NA,0,"MSU campus trees project student observer, pre 2026"
-6322,NA,NA,"19601986",NA,0,"MSU campus trees project student observer, pre 2026"
-6323,NA,NA,"19602049",NA,0,"MSU campus trees project student observer, pre 2026"
-6324,NA,NA,"19631219",NA,0,"MSU campus trees project student observer, pre 2026"
-6325,NA,NA,"19730271",NA,0,"MSU campus trees project student observer, pre 2026"
-6326,NA,NA,"19801970",NA,0,"MSU campus trees project student observer, pre 2026"
-6327,NA,NA,"19882628",NA,0,"MSU campus trees project student observer, pre 2026"
-6328,NA,NA,"19923649",NA,0,"MSU campus trees project student observer, pre 2026"
-6329,NA,NA,"19973147",NA,0,"MSU campus trees project student observer, pre 2026"
-6330,NA,NA,"20001752",NA,0,"MSU campus trees project student observer, pre 2026"
-6331,NA,NA,"20003313",NA,0,"MSU campus trees project student observer, pre 2026"
-6332,NA,NA,"20016064",NA,0,"MSU campus trees project student observer, pre 2026"
-6333,NA,NA,"20026689",NA,0,"MSU campus trees project student observer, pre 2026"
-6334,NA,NA,"20058748",NA,0,"MSU campus trees project student observer, pre 2026"
-6335,NA,NA,"20074737",NA,0,"MSU campus trees project student observer, pre 2026"
-6336,NA,NA,"20145523",NA,0,"MSU campus trees project student observer, pre 2026"
-6337,NA,NA,"20172964",NA,0,"MSU campus trees project student observer, pre 2026"
-6338,NA,NA,"20180239",NA,0,"MSU campus trees project student observer, pre 2026"
-6339,NA,NA,"20204834",NA,0,"MSU campus trees project student observer, pre 2026"
-6340,NA,NA,"20235305",NA,0,"MSU campus trees project student observer, pre 2026"
-6341,NA,NA,"20246460",NA,0,"MSU campus trees project student observer, pre 2026"
-6342,NA,NA,"20293199",NA,0,"MSU campus trees project student observer, pre 2026"
-6343,NA,NA,"20295156",NA,0,"MSU campus trees project student observer, pre 2026"
-6344,NA,NA,"20295826",NA,0,"MSU campus trees project student observer, pre 2026"
-6345,NA,NA,"20312335",NA,0,"MSU campus trees project student observer, pre 2026"
-6346,NA,NA,"20369018",NA,0,"MSU campus trees project student observer, pre 2026"
-6347,NA,NA,"20383864",NA,0,"MSU campus trees project student observer, pre 2026"
-6348,NA,NA,"20412598",NA,0,"MSU campus trees project student observer, pre 2026"
-6349,NA,NA,"20418289",NA,0,"MSU campus trees project student observer, pre 2026"
-6350,NA,NA,"20425545",NA,0,"MSU campus trees project student observer, pre 2026"
-6351,NA,NA,"20454751",NA,0,"MSU campus trees project student observer, pre 2026"
-6352,NA,NA,"20483577",NA,0,"MSU campus trees project student observer, pre 2026"
-6353,NA,NA,"20500906",NA,0,"MSU campus trees project student observer, pre 2026"
-6354,NA,NA,"20550142",NA,0,"MSU campus trees project student observer, pre 2026"
-6355,NA,NA,"20565679",NA,0,"MSU campus trees project student observer, pre 2026"
-6356,NA,NA,"20618567",NA,0,"MSU campus trees project student observer, pre 2026"
-6357,NA,NA,"20643381",NA,0,"MSU campus trees project student observer, pre 2026"
-6358,NA,NA,"20647410",NA,0,"MSU campus trees project student observer, pre 2026"
-6359,NA,NA,"20729434",NA,0,"MSU campus trees project student observer, pre 2026"
-6360,NA,NA,"20742265",NA,0,"MSU campus trees project student observer, pre 2026"
-6361,NA,NA,"20803458",NA,0,"MSU campus trees project student observer, pre 2026"
-6362,NA,NA,"20826671",NA,0,"MSU campus trees project student observer, pre 2026"
-6363,NA,NA,"20848231",NA,0,"MSU campus trees project student observer, pre 2026"
-6364,NA,NA,"20914329",NA,0,"MSU campus trees project student observer, pre 2026"
-6365,NA,NA,"20914472",NA,0,"MSU campus trees project student observer, pre 2026"
-6366,NA,NA,"20915013",NA,0,"MSU campus trees project student observer, pre 2026"
-6367,NA,NA,"20918924",NA,0,"MSU campus trees project student observer, pre 2026"
-6368,NA,NA,"20922134",NA,0,"MSU campus trees project student observer, pre 2026"
-6369,NA,NA,"20929988",NA,0,"MSU campus trees project student observer, pre 2026"
-6370,NA,NA,"20930804",NA,0,"MSU campus trees project student observer, pre 2026"
-6371,NA,NA,"20963947",NA,0,"MSU campus trees project student observer, pre 2026"
-6372,NA,NA,"21018029",NA,0,"MSU campus trees project student observer, pre 2026"
-6373,NA,NA,"21117936",NA,0,"MSU campus trees project student observer, pre 2026"
-6374,NA,NA,"21124403",NA,0,"MSU campus trees project student observer, pre 2026"
-6375,NA,NA,"21190696",NA,0,"MSU campus trees project student observer, pre 2026"
-6376,NA,NA,"21245919",NA,0,"MSU campus trees project student observer, pre 2026"
-6377,NA,NA,"21273034",NA,0,"MSU campus trees project student observer, pre 2026"
-6378,NA,NA,"21430365",NA,0,"MSU campus trees project student observer, pre 2026"
-6379,NA,NA,"21434574",NA,0,"MSU campus trees project student observer, pre 2026"
-6380,NA,NA,"21487547",NA,0,"MSU campus trees project student observer, pre 2026"
-6381,NA,NA,"21492380",NA,0,"MSU campus trees project student observer, pre 2026"
-6382,NA,NA,"21531339",NA,0,"MSU campus trees project student observer, pre 2026"
-6383,NA,NA,"21547216",NA,0,"MSU campus trees project student observer, pre 2026"
-6384,NA,NA,"21570195",NA,0,"MSU campus trees project student observer, pre 2026"
-6385,NA,NA,"21596748",NA,0,"MSU campus trees project student observer, pre 2026"
-6386,NA,NA,"21605074",NA,0,"MSU campus trees project student observer, pre 2026"
-6387,NA,NA,"21671815",NA,0,"MSU campus trees project student observer, pre 2026"
-6388,NA,NA,"21744749",NA,0,"MSU campus trees project student observer, pre 2026"
-6389,NA,NA,"21759194",NA,0,"MSU campus trees project student observer, pre 2026"
-6390,NA,NA,"21763818",NA,0,"MSU campus trees project student observer, pre 2026"
-6391,NA,NA,"21776783",NA,0,"MSU campus trees project student observer, pre 2026"
-6392,NA,NA,"21785187",NA,0,"MSU campus trees project student observer, pre 2026"
-6393,NA,NA,"21807113",NA,0,"MSU campus trees project student observer, pre 2026"
-6394,NA,NA,"21827347",NA,0,"MSU campus trees project student observer, pre 2026"
-6395,NA,NA,"21865210",NA,0,"MSU campus trees project student observer, pre 2026"
-6396,NA,NA,"21906301",NA,0,"MSU campus trees project student observer, pre 2026"
-6397,NA,NA,"21910684",NA,0,"MSU campus trees project student observer, pre 2026"
-6398,NA,NA,"21927026",NA,0,"MSU campus trees project student observer, pre 2026"
-6399,NA,NA,"21927037",NA,0,"MSU campus trees project student observer, pre 2026"
-6400,NA,NA,"21995644",NA,0,"MSU campus trees project student observer, pre 2026"
-6401,NA,NA,"22012689",NA,0,"MSU campus trees project student observer, pre 2026"
-6402,NA,NA,"22015216",NA,0,"MSU campus trees project student observer, pre 2026"
-6403,NA,NA,"22075362",NA,0,"MSU campus trees project student observer, pre 2026"
-6404,NA,NA,"22136366",NA,0,"MSU campus trees project student observer, pre 2026"
-6405,NA,NA,"22149057",NA,0,"MSU campus trees project student observer, pre 2026"
-6406,NA,NA,"22220666",NA,0,"MSU campus trees project student observer, pre 2026"
-6407,NA,NA,"22232819",NA,0,"MSU campus trees project student observer, pre 2026"
-6408,NA,NA,"22240981",NA,0,"MSU campus trees project student observer, pre 2026"
-6409,NA,NA,"22291710",NA,0,"MSU campus trees project student observer, pre 2026"
-6410,NA,NA,"22296065",NA,0,"MSU campus trees project student observer, pre 2026"
-6411,NA,NA,"22318415",NA,0,"MSU campus trees project student observer, pre 2026"
-6412,NA,NA,"22386871",NA,0,"MSU campus trees project student observer, pre 2026"
-6413,NA,NA,"22400358",NA,0,"MSU campus trees project student observer, pre 2026"
-6414,NA,NA,"22555883",NA,0,"MSU campus trees project student observer, pre 2026"
-6415,NA,NA,"22602192",NA,0,"MSU campus trees project student observer, pre 2026"
-6416,NA,NA,"22620216",NA,0,"MSU campus trees project student observer, pre 2026"
-6417,NA,NA,"22636985",NA,0,"MSU campus trees project student observer, pre 2026"
-6418,NA,NA,"22674179",NA,0,"MSU campus trees project student observer, pre 2026"
-6419,NA,NA,"22724733",NA,0,"MSU campus trees project student observer, pre 2026"
-6420,NA,NA,"22768599",NA,0,"MSU campus trees project student observer, pre 2026"
-6421,NA,NA,"22804982",NA,0,"MSU campus trees project student observer, pre 2026"
-6422,NA,NA,"22861418",NA,0,"MSU campus trees project student observer, pre 2026"
-6423,NA,NA,"22877485",NA,0,"MSU campus trees project student observer, pre 2026"
-6424,NA,NA,"22878195",NA,0,"MSU campus trees project student observer, pre 2026"
-6425,NA,NA,"22899328",NA,0,"MSU campus trees project student observer, pre 2026"
-6426,NA,NA,"22928258",NA,0,"MSU campus trees project student observer, pre 2026"
-6427,NA,NA,"22998242",NA,0,"MSU campus trees project student observer, pre 2026"
-6428,NA,NA,"23016690",NA,0,"MSU campus trees project student observer, pre 2026"
-6429,NA,NA,"23119914",NA,0,"MSU campus trees project student observer, pre 2026"
-6430,NA,NA,"23120699",NA,0,"MSU campus trees project student observer, pre 2026"
-6431,NA,NA,"23166313",NA,0,"MSU campus trees project student observer, pre 2026"
-6432,NA,NA,"23184470",NA,0,"MSU campus trees project student observer, pre 2026"
-6433,NA,NA,"23211297",NA,0,"MSU campus trees project student observer, pre 2026"
-6434,NA,NA,"23235047",NA,0,"MSU campus trees project student observer, pre 2026"
-6435,NA,NA,"23239594",NA,0,"MSU campus trees project student observer, pre 2026"
-6436,NA,NA,"23243978",NA,0,"MSU campus trees project student observer, pre 2026"
-6437,NA,NA,"23294531",NA,0,"MSU campus trees project student observer, pre 2026"
-6438,NA,NA,"23309040",NA,0,"MSU campus trees project student observer, pre 2026"
-6439,NA,NA,"23310171",NA,0,"MSU campus trees project student observer, pre 2026"
-6440,NA,NA,"23332917",NA,0,"MSU campus trees project student observer, pre 2026"
-6441,NA,NA,"23377757",NA,0,"MSU campus trees project student observer, pre 2026"
-6442,NA,NA,"23393698",NA,0,"MSU campus trees project student observer, pre 2026"
-6443,NA,NA,"23394237",NA,0,"MSU campus trees project student observer, pre 2026"
-6444,NA,NA,"23427223",NA,0,"MSU campus trees project student observer, pre 2026"
-6445,NA,NA,"23449213",NA,0,"MSU campus trees project student observer, pre 2026"
-6446,NA,NA,"23473115",NA,0,"MSU campus trees project student observer, pre 2026"
-6447,NA,NA,"23477983",NA,0,"MSU campus trees project student observer, pre 2026"
-6448,NA,NA,"23514130",NA,0,"MSU campus trees project student observer, pre 2026"
-6449,NA,NA,"23522863",NA,0,"MSU campus trees project student observer, pre 2026"
-6450,NA,NA,"23530837",NA,0,"MSU campus trees project student observer, pre 2026"
-6451,NA,NA,"23546102",NA,0,"MSU campus trees project student observer, pre 2026"
-6452,NA,NA,"23570819",NA,0,"MSU campus trees project student observer, pre 2026"
-6453,NA,NA,"23573520",NA,0,"MSU campus trees project student observer, pre 2026"
-6454,NA,NA,"23575769",NA,0,"MSU campus trees project student observer, pre 2026"
-6455,NA,NA,"23577590",NA,0,"MSU campus trees project student observer, pre 2026"
-6456,NA,NA,"23583169",NA,0,"MSU campus trees project student observer, pre 2026"
-6457,NA,NA,"23766651",NA,0,"MSU campus trees project student observer, pre 2026"
-6458,NA,NA,"23781488",NA,0,"MSU campus trees project student observer, pre 2026"
-6459,NA,NA,"23817931",NA,0,"MSU campus trees project student observer, pre 2026"
-6460,NA,NA,"23820957",NA,0,"MSU campus trees project student observer, pre 2026"
-6461,NA,NA,"23838826",NA,0,"MSU campus trees project student observer, pre 2026"
-6462,NA,NA,"23853866",NA,0,"MSU campus trees project student observer, pre 2026"
-6463,NA,NA,"23868123",NA,0,"MSU campus trees project student observer, pre 2026"
-6464,NA,NA,"23896770",NA,0,"MSU campus trees project student observer, pre 2026"
-6465,NA,NA,"23898625",NA,0,"MSU campus trees project student observer, pre 2026"
-6466,NA,NA,"23908172",NA,0,"MSU campus trees project student observer, pre 2026"
-6467,NA,NA,"23922727",NA,0,"MSU campus trees project student observer, pre 2026"
-6468,NA,NA,"23976472",NA,0,"MSU campus trees project student observer, pre 2026"
-6469,NA,NA,"24006921",NA,0,"MSU campus trees project student observer, pre 2026"
-6470,NA,NA,"24011216",NA,0,"MSU campus trees project student observer, pre 2026"
-6471,NA,NA,"24038560",NA,0,"MSU campus trees project student observer, pre 2026"
-6472,NA,NA,"24051022",NA,0,"MSU campus trees project student observer, pre 2026"
-6473,NA,NA,"24063944",NA,0,"MSU campus trees project student observer, pre 2026"
-6474,NA,NA,"24084572",NA,0,"MSU campus trees project student observer, pre 2026"
-6475,NA,NA,"24087386",NA,0,"MSU campus trees project student observer, pre 2026"
-6476,NA,NA,"24095553",NA,0,"MSU campus trees project student observer, pre 2026"
-6477,NA,NA,"24137924",NA,0,"MSU campus trees project student observer, pre 2026"
-6478,NA,NA,"24148283",NA,0,"MSU campus trees project student observer, pre 2026"
-6479,NA,NA,"24151047",NA,0,"MSU campus trees project student observer, pre 2026"
-6480,NA,NA,"24280312",NA,0,"MSU campus trees project student observer, pre 2026"
-6481,NA,NA,"24286407",NA,0,"MSU campus trees project student observer, pre 2026"
-6482,NA,NA,"24289201",NA,0,"MSU campus trees project student observer, pre 2026"
-6483,NA,NA,"24313550",NA,0,"MSU campus trees project student observer, pre 2026"
-6484,NA,NA,"24330973",NA,0,"MSU campus trees project student observer, pre 2026"
-6485,NA,NA,"24333209",NA,0,"MSU campus trees project student observer, pre 2026"
-6486,NA,NA,"24365866",NA,0,"MSU campus trees project student observer, pre 2026"
-6487,NA,NA,"24378196",NA,0,"MSU campus trees project student observer, pre 2026"
-6488,NA,NA,"24405169",NA,0,"MSU campus trees project student observer, pre 2026"
-6489,NA,NA,"24412298",NA,0,"MSU campus trees project student observer, pre 2026"
-6490,NA,NA,"24491489",NA,0,"MSU campus trees project student observer, pre 2026"
-6491,NA,NA,"24498089",NA,0,"MSU campus trees project student observer, pre 2026"
-6492,NA,NA,"24522610",NA,0,"MSU campus trees project student observer, pre 2026"
-6493,NA,NA,"24529469",NA,0,"MSU campus trees project student observer, pre 2026"
-6494,NA,NA,"24591517",NA,0,"MSU campus trees project student observer, pre 2026"
-6495,NA,NA,"24650868",NA,0,"MSU campus trees project student observer, pre 2026"
-6496,NA,NA,"24669644",NA,0,"MSU campus trees project student observer, pre 2026"
-6497,NA,NA,"24675682",NA,0,"MSU campus trees project student observer, pre 2026"
-6498,NA,NA,"24691247",NA,0,"MSU campus trees project student observer, pre 2026"
-6499,NA,NA,"24692649",NA,0,"MSU campus trees project student observer, pre 2026"
-6500,NA,NA,"24741171",NA,0,"MSU campus trees project student observer, pre 2026"
-6501,NA,NA,"24749689",NA,0,"MSU campus trees project student observer, pre 2026"
-6502,NA,NA,"24789958",NA,0,"MSU campus trees project student observer, pre 2026"
-6503,NA,NA,"24845185",NA,0,"MSU campus trees project student observer, pre 2026"
-6504,NA,NA,"24849646",NA,0,"MSU campus trees project student observer, pre 2026"
-6505,NA,NA,"24900437",NA,0,"MSU campus trees project student observer, pre 2026"
-6506,NA,NA,"24911199",NA,0,"MSU campus trees project student observer, pre 2026"
-6507,NA,NA,"24915835",NA,0,"MSU campus trees project student observer, pre 2026"
-6508,NA,NA,"24997594",NA,0,"MSU campus trees project student observer, pre 2026"
-6509,NA,NA,"25004887",NA,0,"MSU campus trees project student observer, pre 2026"
-6510,NA,NA,"25025968",NA,0,"MSU campus trees project student observer, pre 2026"
-6511,NA,NA,"25076790",NA,0,"MSU campus trees project student observer, pre 2026"
-6512,NA,NA,"25088456",NA,0,"MSU campus trees project student observer, pre 2026"
-6513,NA,NA,"25181913",NA,0,"MSU campus trees project student observer, pre 2026"
-6514,NA,NA,"25182153",NA,0,"MSU campus trees project student observer, pre 2026"
-6515,NA,NA,"25214429",NA,0,"MSU campus trees project student observer, pre 2026"
-6516,NA,NA,"25278519",NA,0,"MSU campus trees project student observer, pre 2026"
-6517,NA,NA,"25279166",NA,0,"MSU campus trees project student observer, pre 2026"
-6518,NA,NA,"25321095",NA,0,"MSU campus trees project student observer, pre 2026"
-6519,NA,NA,"25332518",NA,0,"MSU campus trees project student observer, pre 2026"
-6520,NA,NA,"25365709",NA,0,"MSU campus trees project student observer, pre 2026"
-6521,NA,NA,"25367607",NA,0,"MSU campus trees project student observer, pre 2026"
-6522,NA,NA,"25379092",NA,0,"MSU campus trees project student observer, pre 2026"
-6523,NA,NA,"25424727",NA,0,"MSU campus trees project student observer, pre 2026"
-6524,NA,NA,"25477181",NA,0,"MSU campus trees project student observer, pre 2026"
-6525,NA,NA,"25479163",NA,0,"MSU campus trees project student observer, pre 2026"
-6526,NA,NA,"25480471",NA,0,"MSU campus trees project student observer, pre 2026"
-6527,NA,NA,"25515910",NA,0,"MSU campus trees project student observer, pre 2026"
-6528,NA,NA,"25525667",NA,0,"MSU campus trees project student observer, pre 2026"
-6529,NA,NA,"25530795",NA,0,"MSU campus trees project student observer, pre 2026"
-6530,NA,NA,"25556625",NA,0,"MSU campus trees project student observer, pre 2026"
-6531,NA,NA,"25597402",NA,0,"MSU campus trees project student observer, pre 2026"
-6532,NA,NA,"25657396",NA,0,"MSU campus trees project student observer, pre 2026"
-6533,NA,NA,"25755726",NA,0,"MSU campus trees project student observer, pre 2026"
-6534,NA,NA,"25818031",NA,0,"MSU campus trees project student observer, pre 2026"
-6535,NA,NA,"25831661",NA,0,"MSU campus trees project student observer, pre 2026"
-6536,NA,NA,"25964142",NA,0,"MSU campus trees project student observer, pre 2026"
-6537,NA,NA,"25975550",NA,0,"MSU campus trees project student observer, pre 2026"
-6538,NA,NA,"25981019",NA,0,"MSU campus trees project student observer, pre 2026"
-6539,NA,NA,"26006304",NA,0,"MSU campus trees project student observer, pre 2026"
-6540,NA,NA,"26040217",NA,0,"MSU campus trees project student observer, pre 2026"
-6541,NA,NA,"26048673",NA,0,"MSU campus trees project student observer, pre 2026"
-6542,NA,NA,"26110733",NA,0,"MSU campus trees project student observer, pre 2026"
-6543,NA,NA,"26134090",NA,0,"MSU campus trees project student observer, pre 2026"
-6544,NA,NA,"26151557",NA,0,"MSU campus trees project student observer, pre 2026"
-6545,NA,NA,"26202302",NA,0,"MSU campus trees project student observer, pre 2026"
-6546,NA,NA,"26228454",NA,0,"MSU campus trees project student observer, pre 2026"
-6547,NA,NA,"26269715",NA,0,"MSU campus trees project student observer, pre 2026"
-6548,NA,NA,"26398173",NA,0,"MSU campus trees project student observer, pre 2026"
-6549,NA,NA,"26419379",NA,0,"MSU campus trees project student observer, pre 2026"
-6550,NA,NA,"26466723",NA,0,"MSU campus trees project student observer, pre 2026"
-6551,NA,NA,"26562964",NA,0,"MSU campus trees project student observer, pre 2026"
-6552,NA,NA,"26589191",NA,0,"MSU campus trees project student observer, pre 2026"
-6553,NA,NA,"26644805",NA,0,"MSU campus trees project student observer, pre 2026"
-6554,NA,NA,"26646198",NA,0,"MSU campus trees project student observer, pre 2026"
-6555,NA,NA,"26709309",NA,0,"MSU campus trees project student observer, pre 2026"
-6556,NA,NA,"26789117",NA,0,"MSU campus trees project student observer, pre 2026"
-6557,NA,NA,"26871096",NA,0,"MSU campus trees project student observer, pre 2026"
-6558,NA,NA,"26880889",NA,0,"MSU campus trees project student observer, pre 2026"
-6559,NA,NA,"26880950",NA,0,"MSU campus trees project student observer, pre 2026"
-6560,NA,NA,"26908400",NA,0,"MSU campus trees project student observer, pre 2026"
-6561,NA,NA,"26953391",NA,0,"MSU campus trees project student observer, pre 2026"
-6562,NA,NA,"27012359",NA,0,"MSU campus trees project student observer, pre 2026"
-6563,NA,NA,"27017050",NA,0,"MSU campus trees project student observer, pre 2026"
-6564,NA,NA,"27021360",NA,0,"MSU campus trees project student observer, pre 2026"
-6565,NA,NA,"27024469",NA,0,"MSU campus trees project student observer, pre 2026"
-6566,NA,NA,"27048091",NA,0,"MSU campus trees project student observer, pre 2026"
-6567,NA,NA,"27056347",NA,0,"MSU campus trees project student observer, pre 2026"
-6568,NA,NA,"27083300",NA,0,"MSU campus trees project student observer, pre 2026"
-6569,NA,NA,"27088643",NA,0,"MSU campus trees project student observer, pre 2026"
-6570,NA,NA,"27096565",NA,0,"MSU campus trees project student observer, pre 2026"
-6571,NA,NA,"27103240",NA,0,"MSU campus trees project student observer, pre 2026"
-6572,NA,NA,"27109848",NA,0,"MSU campus trees project student observer, pre 2026"
-6573,NA,NA,"27143075",NA,0,"MSU campus trees project student observer, pre 2026"
-6574,NA,NA,"27172229",NA,0,"MSU campus trees project student observer, pre 2026"
-6575,NA,NA,"27175804",NA,0,"MSU campus trees project student observer, pre 2026"
-6576,NA,NA,"27183354",NA,0,"MSU campus trees project student observer, pre 2026"
-6577,NA,NA,"27228782",NA,0,"MSU campus trees project student observer, pre 2026"
-6578,NA,NA,"27290137",NA,0,"MSU campus trees project student observer, pre 2026"
-6579,NA,NA,"27307557",NA,0,"MSU campus trees project student observer, pre 2026"
-6580,NA,NA,"27315585",NA,0,"MSU campus trees project student observer, pre 2026"
-6581,NA,NA,"27353536",NA,0,"MSU campus trees project student observer, pre 2026"
-6582,NA,NA,"27358395",NA,0,"MSU campus trees project student observer, pre 2026"
-6583,NA,NA,"27363583",NA,0,"MSU campus trees project student observer, pre 2026"
-6584,NA,NA,"27375801",NA,0,"MSU campus trees project student observer, pre 2026"
-6585,NA,NA,"27396977",NA,0,"MSU campus trees project student observer, pre 2026"
-6586,NA,NA,"27459919",NA,0,"MSU campus trees project student observer, pre 2026"
-6587,NA,NA,"27506389",NA,0,"MSU campus trees project student observer, pre 2026"
-6588,NA,NA,"27575660",NA,0,"MSU campus trees project student observer, pre 2026"
-6589,NA,NA,"27604965",NA,0,"MSU campus trees project student observer, pre 2026"
-6590,NA,NA,"27615629",NA,0,"MSU campus trees project student observer, pre 2026"
-6591,NA,NA,"27633127",NA,0,"MSU campus trees project student observer, pre 2026"
-6592,NA,NA,"27656045",NA,0,"MSU campus trees project student observer, pre 2026"
-6593,NA,NA,"27680762",NA,0,"MSU campus trees project student observer, pre 2026"
-6594,NA,NA,"27710614",NA,0,"MSU campus trees project student observer, pre 2026"
-6595,NA,NA,"27763410",NA,0,"MSU campus trees project student observer, pre 2026"
-6596,NA,NA,"27823776",NA,0,"MSU campus trees project student observer, pre 2026"
-6597,NA,NA,"27838588",NA,0,"MSU campus trees project student observer, pre 2026"
-6598,NA,NA,"27866831",NA,0,"MSU campus trees project student observer, pre 2026"
-6599,NA,NA,"27870269",NA,0,"MSU campus trees project student observer, pre 2026"
-6600,NA,NA,"27942661",NA,0,"MSU campus trees project student observer, pre 2026"
-6601,NA,NA,"27944490",NA,0,"MSU campus trees project student observer, pre 2026"
-6602,NA,NA,"27962787",NA,0,"MSU campus trees project student observer, pre 2026"
-6603,NA,NA,"27970836",NA,0,"MSU campus trees project student observer, pre 2026"
-6604,NA,NA,"27972336",NA,0,"MSU campus trees project student observer, pre 2026"
-6605,NA,NA,"28025566",NA,0,"MSU campus trees project student observer, pre 2026"
-6606,NA,NA,"28025710",NA,0,"MSU campus trees project student observer, pre 2026"
-6607,NA,NA,"28033459",NA,0,"MSU campus trees project student observer, pre 2026"
-6608,NA,NA,"28107160",NA,0,"MSU campus trees project student observer, pre 2026"
-6609,NA,NA,"28209639",NA,0,"MSU campus trees project student observer, pre 2026"
-6610,NA,NA,"28268005",NA,0,"MSU campus trees project student observer, pre 2026"
-6611,NA,NA,"28276879",NA,0,"MSU campus trees project student observer, pre 2026"
-6612,NA,NA,"28295977",NA,0,"MSU campus trees project student observer, pre 2026"
-6613,NA,NA,"28331224",NA,0,"MSU campus trees project student observer, pre 2026"
-6614,NA,NA,"28405982",NA,0,"MSU campus trees project student observer, pre 2026"
-6615,NA,NA,"28427604",NA,0,"MSU campus trees project student observer, pre 2026"
-6616,NA,NA,"28458744",NA,0,"MSU campus trees project student observer, pre 2026"
-6617,NA,NA,"28479315",NA,0,"MSU campus trees project student observer, pre 2026"
-6618,NA,NA,"28483309",NA,0,"MSU campus trees project student observer, pre 2026"
-6619,NA,NA,"28519756",NA,0,"MSU campus trees project student observer, pre 2026"
-6620,NA,NA,"28527920",NA,0,"MSU campus trees project student observer, pre 2026"
-6621,NA,NA,"28543256",NA,0,"MSU campus trees project student observer, pre 2026"
-6622,NA,NA,"28598410",NA,0,"MSU campus trees project student observer, pre 2026"
-6623,NA,NA,"28604587",NA,0,"MSU campus trees project student observer, pre 2026"
-6624,NA,NA,"28697060",NA,0,"MSU campus trees project student observer, pre 2026"
-6625,NA,NA,"28724263",NA,0,"MSU campus trees project student observer, pre 2026"
-6626,NA,NA,"28728725",NA,0,"MSU campus trees project student observer, pre 2026"
-6627,NA,NA,"28764224",NA,0,"MSU campus trees project student observer, pre 2026"
-6628,NA,NA,"28781488",NA,0,"MSU campus trees project student observer, pre 2026"
-6629,NA,NA,"28810574",NA,0,"MSU campus trees project student observer, pre 2026"
-6630,NA,NA,"28844423",NA,0,"MSU campus trees project student observer, pre 2026"
-6631,NA,NA,"28917419",NA,0,"MSU campus trees project student observer, pre 2026"
-6632,NA,NA,"28920870",NA,0,"MSU campus trees project student observer, pre 2026"
-6633,NA,NA,"28924809",NA,0,"MSU campus trees project student observer, pre 2026"
-6634,NA,NA,"28983545",NA,0,"MSU campus trees project student observer, pre 2026"
-6635,NA,NA,"28991452",NA,0,"MSU campus trees project student observer, pre 2026"
-6636,NA,NA,"29002868",NA,0,"MSU campus trees project student observer, pre 2026"
-6637,NA,NA,"29011470",NA,0,"MSU campus trees project student observer, pre 2026"
-6638,NA,NA,"29013239",NA,0,"MSU campus trees project student observer, pre 2026"
-6639,NA,NA,"29019688",NA,0,"MSU campus trees project student observer, pre 2026"
-6640,NA,NA,"29024800",NA,0,"MSU campus trees project student observer, pre 2026"
-6641,NA,NA,"29032317",NA,0,"MSU campus trees project student observer, pre 2026"
-6642,NA,NA,"29043069",NA,0,"MSU campus trees project student observer, pre 2026"
-6643,NA,NA,"29058229",NA,0,"MSU campus trees project student observer, pre 2026"
-6644,NA,NA,"29063671",NA,0,"MSU campus trees project student observer, pre 2026"
-6645,NA,NA,"29078340",NA,0,"MSU campus trees project student observer, pre 2026"
-6646,NA,NA,"29126359",NA,0,"MSU campus trees project student observer, pre 2026"
-6647,NA,NA,"29142772",NA,0,"MSU campus trees project student observer, pre 2026"
-6648,NA,NA,"29197698",NA,0,"MSU campus trees project student observer, pre 2026"
-6649,NA,NA,"29206786",NA,0,"MSU campus trees project student observer, pre 2026"
-6650,NA,NA,"29210619",NA,0,"MSU campus trees project student observer, pre 2026"
-6651,NA,NA,"29212499",NA,0,"MSU campus trees project student observer, pre 2026"
-6652,NA,NA,"29288393",NA,0,"MSU campus trees project student observer, pre 2026"
-6653,NA,NA,"29368503",NA,0,"MSU campus trees project student observer, pre 2026"
-6654,NA,NA,"29375594",NA,0,"MSU campus trees project student observer, pre 2026"
-6655,NA,NA,"29414706",NA,0,"MSU campus trees project student observer, pre 2026"
-6656,NA,NA,"29426944",NA,0,"MSU campus trees project student observer, pre 2026"
-6657,NA,NA,"29434209",NA,0,"MSU campus trees project student observer, pre 2026"
-6658,NA,NA,"29511341",NA,0,"MSU campus trees project student observer, pre 2026"
-6659,NA,NA,"29528667",NA,0,"MSU campus trees project student observer, pre 2026"
-6660,NA,NA,"29529921",NA,0,"MSU campus trees project student observer, pre 2026"
-6661,NA,NA,"29585337",NA,0,"MSU campus trees project student observer, pre 2026"
-6662,NA,NA,"29609371",NA,0,"MSU campus trees project student observer, pre 2026"
-6663,NA,NA,"29640523",NA,0,"MSU campus trees project student observer, pre 2026"
-6664,NA,NA,"29661216",NA,0,"MSU campus trees project student observer, pre 2026"
-6665,NA,NA,"29700274",NA,0,"MSU campus trees project student observer, pre 2026"
-6666,NA,NA,"29861731",NA,0,"MSU campus trees project student observer, pre 2026"
-6667,NA,NA,"29872500",NA,0,"MSU campus trees project student observer, pre 2026"
-6668,NA,NA,"29876068",NA,0,"MSU campus trees project student observer, pre 2026"
-6669,NA,NA,"29904642",NA,0,"MSU campus trees project student observer, pre 2026"
-6670,NA,NA,"29924569",NA,0,"MSU campus trees project student observer, pre 2026"
-6671,NA,NA,"29928715",NA,0,"MSU campus trees project student observer, pre 2026"
-6672,NA,NA,"29937767",NA,0,"MSU campus trees project student observer, pre 2026"
-6673,NA,NA,"29940343",NA,0,"MSU campus trees project student observer, pre 2026"
-6674,NA,NA,"29944122",NA,0,"MSU campus trees project student observer, pre 2026"
-6675,NA,NA,"29969076",NA,0,"MSU campus trees project student observer, pre 2026"
-6676,NA,NA,"30000184",NA,0,"MSU campus trees project student observer, pre 2026"
-6677,NA,NA,"30009381",NA,0,"MSU campus trees project student observer, pre 2026"
-6678,NA,NA,"30038964",NA,0,"MSU campus trees project student observer, pre 2026"
-6679,NA,NA,"30040565",NA,0,"MSU campus trees project student observer, pre 2026"
-6680,NA,NA,"30063683",NA,0,"MSU campus trees project student observer, pre 2026"
-6681,NA,NA,"30084606",NA,0,"MSU campus trees project student observer, pre 2026"
-6682,NA,NA,"30093353",NA,0,"MSU campus trees project student observer, pre 2026"
-6683,NA,NA,"30106867",NA,0,"MSU campus trees project student observer, pre 2026"
-6684,NA,NA,"30144239",NA,0,"MSU campus trees project student observer, pre 2026"
-6685,NA,NA,"30148930",NA,0,"MSU campus trees project student observer, pre 2026"
-6686,NA,NA,"30163855",NA,0,"MSU campus trees project student observer, pre 2026"
-6687,NA,NA,"30193925",NA,0,"MSU campus trees project student observer, pre 2026"
-6688,NA,NA,"30202424",NA,0,"MSU campus trees project student observer, pre 2026"
-6689,NA,NA,"30227763",NA,0,"MSU campus trees project student observer, pre 2026"
-6690,NA,NA,"30252346",NA,0,"MSU campus trees project student observer, pre 2026"
-6691,NA,NA,"30253124",NA,0,"MSU campus trees project student observer, pre 2026"
-6692,NA,NA,"30255062",NA,0,"MSU campus trees project student observer, pre 2026"
-6693,NA,NA,"30262665",NA,0,"MSU campus trees project student observer, pre 2026"
-6694,NA,NA,"30336769",NA,0,"MSU campus trees project student observer, pre 2026"
-6695,NA,NA,"30347159",NA,0,"MSU campus trees project student observer, pre 2026"
-6696,NA,NA,"30390411",NA,0,"MSU campus trees project student observer, pre 2026"
-6697,NA,NA,"30422380",NA,0,"MSU campus trees project student observer, pre 2026"
-6698,NA,NA,"30424106",NA,0,"MSU campus trees project student observer, pre 2026"
-6699,NA,NA,"30456722",NA,0,"MSU campus trees project student observer, pre 2026"
-6700,NA,NA,"30599003",NA,0,"MSU campus trees project student observer, pre 2026"
-6701,NA,NA,"30613892",NA,0,"MSU campus trees project student observer, pre 2026"
-6702,NA,NA,"30630641",NA,0,"MSU campus trees project student observer, pre 2026"
-6703,NA,NA,"30652358",NA,0,"MSU campus trees project student observer, pre 2026"
-6704,NA,NA,"30662456",NA,0,"MSU campus trees project student observer, pre 2026"
-6705,NA,NA,"30715783",NA,0,"MSU campus trees project student observer, pre 2026"
-6706,NA,NA,"30724997",NA,0,"MSU campus trees project student observer, pre 2026"
-6707,NA,NA,"30790288",NA,0,"MSU campus trees project student observer, pre 2026"
-6708,NA,NA,"30817002",NA,0,"MSU campus trees project student observer, pre 2026"
-6709,NA,NA,"30858811",NA,0,"MSU campus trees project student observer, pre 2026"
-6710,NA,NA,"30889292",NA,0,"MSU campus trees project student observer, pre 2026"
-6711,NA,NA,"30892217",NA,0,"MSU campus trees project student observer, pre 2026"
-6712,NA,NA,"30939006",NA,0,"MSU campus trees project student observer, pre 2026"
-6713,NA,NA,"30975221",NA,0,"MSU campus trees project student observer, pre 2026"
-6714,NA,NA,"30980894",NA,0,"MSU campus trees project student observer, pre 2026"
-6715,NA,NA,"31010955",NA,0,"MSU campus trees project student observer, pre 2026"
-6716,NA,NA,"31054553",NA,0,"MSU campus trees project student observer, pre 2026"
-6717,NA,NA,"31055510",NA,0,"MSU campus trees project student observer, pre 2026"
-6718,NA,NA,"31057771",NA,0,"MSU campus trees project student observer, pre 2026"
-6719,NA,NA,"31077271",NA,0,"MSU campus trees project student observer, pre 2026"
-6720,NA,NA,"31091703",NA,0,"MSU campus trees project student observer, pre 2026"
-6721,NA,NA,"31149889",NA,0,"MSU campus trees project student observer, pre 2026"
-6722,NA,NA,"31160556",NA,0,"MSU campus trees project student observer, pre 2026"
-6723,NA,NA,"31179751",NA,0,"MSU campus trees project student observer, pre 2026"
-6724,NA,NA,"31196140",NA,0,"MSU campus trees project student observer, pre 2026"
-6725,NA,NA,"31204559",NA,0,"MSU campus trees project student observer, pre 2026"
-6726,NA,NA,"31240548",NA,0,"MSU campus trees project student observer, pre 2026"
-6727,NA,NA,"31256368",NA,0,"MSU campus trees project student observer, pre 2026"
-6728,NA,NA,"31263205",NA,0,"MSU campus trees project student observer, pre 2026"
-6729,NA,NA,"31275856",NA,0,"MSU campus trees project student observer, pre 2026"
-6730,NA,NA,"31282232",NA,0,"MSU campus trees project student observer, pre 2026"
-6731,NA,NA,"31307224",NA,0,"MSU campus trees project student observer, pre 2026"
-6732,NA,NA,"31311142",NA,0,"MSU campus trees project student observer, pre 2026"
-6733,NA,NA,"31326814",NA,0,"MSU campus trees project student observer, pre 2026"
-6734,NA,NA,"31373141",NA,0,"MSU campus trees project student observer, pre 2026"
-6735,NA,NA,"31390069",NA,0,"MSU campus trees project student observer, pre 2026"
-6736,NA,NA,"31418652",NA,0,"MSU campus trees project student observer, pre 2026"
-6737,NA,NA,"31460008",NA,0,"MSU campus trees project student observer, pre 2026"
-6738,NA,NA,"31475508",NA,0,"MSU campus trees project student observer, pre 2026"
-6739,NA,NA,"31479617",NA,0,"MSU campus trees project student observer, pre 2026"
-6740,NA,NA,"31511642",NA,0,"MSU campus trees project student observer, pre 2026"
-6741,NA,NA,"31544307",NA,0,"MSU campus trees project student observer, pre 2026"
-6742,NA,NA,"31571674",NA,0,"MSU campus trees project student observer, pre 2026"
-6743,NA,NA,"31632448",NA,0,"MSU campus trees project student observer, pre 2026"
-6744,NA,NA,"31666872",NA,0,"MSU campus trees project student observer, pre 2026"
-6745,NA,NA,"31668795",NA,0,"MSU campus trees project student observer, pre 2026"
-6746,NA,NA,"31680667",NA,0,"MSU campus trees project student observer, pre 2026"
-6747,NA,NA,"31686790",NA,0,"MSU campus trees project student observer, pre 2026"
-6748,NA,NA,"31691099",NA,0,"MSU campus trees project student observer, pre 2026"
-6749,NA,NA,"31703794",NA,0,"MSU campus trees project student observer, pre 2026"
-6750,NA,NA,"31720318",NA,0,"MSU campus trees project student observer, pre 2026"
-6751,NA,NA,"31722050",NA,0,"MSU campus trees project student observer, pre 2026"
-6752,NA,NA,"31771404",NA,0,"MSU campus trees project student observer, pre 2026"
-6753,NA,NA,"31782983",NA,0,"MSU campus trees project student observer, pre 2026"
-6754,NA,NA,"31829277",NA,0,"MSU campus trees project student observer, pre 2026"
-6755,NA,NA,"31830883",NA,0,"MSU campus trees project student observer, pre 2026"
-6756,NA,NA,"31841629",NA,0,"MSU campus trees project student observer, pre 2026"
-6757,NA,NA,"31854889",NA,0,"MSU campus trees project student observer, pre 2026"
-6758,NA,NA,"31892305",NA,0,"MSU campus trees project student observer, pre 2026"
-6759,NA,NA,"31931307",NA,0,"MSU campus trees project student observer, pre 2026"
-6760,NA,NA,"31952134",NA,0,"MSU campus trees project student observer, pre 2026"
-6761,NA,NA,"31982463",NA,0,"MSU campus trees project student observer, pre 2026"
-6762,NA,NA,"32027948",NA,0,"MSU campus trees project student observer, pre 2026"
-6763,NA,NA,"32037031",NA,0,"MSU campus trees project student observer, pre 2026"
-6764,NA,NA,"32043347",NA,0,"MSU campus trees project student observer, pre 2026"
-6765,NA,NA,"32063150",NA,0,"MSU campus trees project student observer, pre 2026"
-6766,NA,NA,"32063345",NA,0,"MSU campus trees project student observer, pre 2026"
-6767,NA,NA,"32191820",NA,0,"MSU campus trees project student observer, pre 2026"
-6768,NA,NA,"32283928",NA,0,"MSU campus trees project student observer, pre 2026"
-6769,NA,NA,"32304863",NA,0,"MSU campus trees project student observer, pre 2026"
-6770,NA,NA,"32413498",NA,0,"MSU campus trees project student observer, pre 2026"
-6771,NA,NA,"32419730",NA,0,"MSU campus trees project student observer, pre 2026"
-6772,NA,NA,"32425086",NA,0,"MSU campus trees project student observer, pre 2026"
-6773,NA,NA,"32429110",NA,0,"MSU campus trees project student observer, pre 2026"
-6774,NA,NA,"32434986",NA,0,"MSU campus trees project student observer, pre 2026"
-6775,NA,NA,"32469549",NA,0,"MSU campus trees project student observer, pre 2026"
-6776,NA,NA,"32489131",NA,0,"MSU campus trees project student observer, pre 2026"
-6777,NA,NA,"32532829",NA,0,"MSU campus trees project student observer, pre 2026"
-6778,NA,NA,"32641310",NA,0,"MSU campus trees project student observer, pre 2026"
-6779,NA,NA,"32671308",NA,0,"MSU campus trees project student observer, pre 2026"
-6780,NA,NA,"32764834",NA,0,"MSU campus trees project student observer, pre 2026"
-6781,NA,NA,"32766842",NA,0,"MSU campus trees project student observer, pre 2026"
-6782,NA,NA,"32777459",NA,0,"MSU campus trees project student observer, pre 2026"
-6783,NA,NA,"32778608",NA,0,"MSU campus trees project student observer, pre 2026"
-6784,NA,NA,"32788224",NA,0,"MSU campus trees project student observer, pre 2026"
-6785,NA,NA,"32807305",NA,0,"MSU campus trees project student observer, pre 2026"
-6786,NA,NA,"32823602",NA,0,"MSU campus trees project student observer, pre 2026"
-6787,NA,NA,"32836598",NA,0,"MSU campus trees project student observer, pre 2026"
-6788,NA,NA,"32858552",NA,0,"MSU campus trees project student observer, pre 2026"
-6789,NA,NA,"32880667",NA,0,"MSU campus trees project student observer, pre 2026"
-6790,NA,NA,"32893521",NA,0,"MSU campus trees project student observer, pre 2026"
-6791,NA,NA,"32939411",NA,0,"MSU campus trees project student observer, pre 2026"
-6792,NA,NA,"32958953",NA,0,"MSU campus trees project student observer, pre 2026"
-6793,NA,NA,"32969169",NA,0,"MSU campus trees project student observer, pre 2026"
-6794,NA,NA,"32980019",NA,0,"MSU campus trees project student observer, pre 2026"
-6795,NA,NA,"33019550",NA,0,"MSU campus trees project student observer, pre 2026"
-6796,NA,NA,"33048769",NA,0,"MSU campus trees project student observer, pre 2026"
-6797,NA,NA,"33096332",NA,0,"MSU campus trees project student observer, pre 2026"
-6798,NA,NA,"33101558",NA,0,"MSU campus trees project student observer, pre 2026"
-6799,NA,NA,"33123542",NA,0,"MSU campus trees project student observer, pre 2026"
-6800,NA,NA,"33152821",NA,0,"MSU campus trees project student observer, pre 2026"
-6801,NA,NA,"33196180",NA,0,"MSU campus trees project student observer, pre 2026"
-6802,NA,NA,"33369979",NA,0,"MSU campus trees project student observer, pre 2026"
-6803,NA,NA,"33419535",NA,0,"MSU campus trees project student observer, pre 2026"
-6804,NA,NA,"33439029",NA,0,"MSU campus trees project student observer, pre 2026"
-6805,NA,NA,"33453485",NA,0,"MSU campus trees project student observer, pre 2026"
-6806,NA,NA,"33464776",NA,0,"MSU campus trees project student observer, pre 2026"
-6807,NA,NA,"33487999",NA,0,"MSU campus trees project student observer, pre 2026"
-6808,NA,NA,"33498991",NA,0,"MSU campus trees project student observer, pre 2026"
-6809,NA,NA,"33516366",NA,0,"MSU campus trees project student observer, pre 2026"
-6810,NA,NA,"33602055",NA,0,"MSU campus trees project student observer, pre 2026"
-6811,NA,NA,"33621490",NA,0,"MSU campus trees project student observer, pre 2026"
-6812,NA,NA,"33642838",NA,0,"MSU campus trees project student observer, pre 2026"
-6813,NA,NA,"33643594",NA,0,"MSU campus trees project student observer, pre 2026"
-6814,NA,NA,"33650939",NA,0,"MSU campus trees project student observer, pre 2026"
-6815,NA,NA,"33661096",NA,0,"MSU campus trees project student observer, pre 2026"
-6816,NA,NA,"33669823",NA,0,"MSU campus trees project student observer, pre 2026"
-6817,NA,NA,"33758652",NA,0,"MSU campus trees project student observer, pre 2026"
-6818,NA,NA,"33762333",NA,0,"MSU campus trees project student observer, pre 2026"
-6819,NA,NA,"33765710",NA,0,"MSU campus trees project student observer, pre 2026"
-6820,NA,NA,"33786323",NA,0,"MSU campus trees project student observer, pre 2026"
-6821,NA,NA,"33789169",NA,0,"MSU campus trees project student observer, pre 2026"
-6822,NA,NA,"33874845",NA,0,"MSU campus trees project student observer, pre 2026"
-6823,NA,NA,"33898964",NA,0,"MSU campus trees project student observer, pre 2026"
-6824,NA,NA,"33900670",NA,0,"MSU campus trees project student observer, pre 2026"
-6825,NA,NA,"33905653",NA,0,"MSU campus trees project student observer, pre 2026"
-6826,NA,NA,"33940329",NA,0,"MSU campus trees project student observer, pre 2026"
-6827,NA,NA,"33954682",NA,0,"MSU campus trees project student observer, pre 2026"
-6828,NA,NA,"34004441",NA,0,"MSU campus trees project student observer, pre 2026"
-6829,NA,NA,"34023054",NA,0,"MSU campus trees project student observer, pre 2026"
-6830,NA,NA,"34026501",NA,0,"MSU campus trees project student observer, pre 2026"
-6831,NA,NA,"34028951",NA,0,"MSU campus trees project student observer, pre 2026"
-6832,NA,NA,"34049339",NA,0,"MSU campus trees project student observer, pre 2026"
-6833,NA,NA,"34104419",NA,0,"MSU campus trees project student observer, pre 2026"
-6834,NA,NA,"34119976",NA,0,"MSU campus trees project student observer, pre 2026"
-6835,NA,NA,"34134363",NA,0,"MSU campus trees project student observer, pre 2026"
-6836,NA,NA,"34138639",NA,0,"MSU campus trees project student observer, pre 2026"
-6837,NA,NA,"34160210",NA,0,"MSU campus trees project student observer, pre 2026"
-6838,NA,NA,"34161804",NA,0,"MSU campus trees project student observer, pre 2026"
-6839,NA,NA,"34175671",NA,0,"MSU campus trees project student observer, pre 2026"
-6840,NA,NA,"34190114",NA,0,"MSU campus trees project student observer, pre 2026"
-6841,NA,NA,"34201392",NA,0,"MSU campus trees project student observer, pre 2026"
-6842,NA,NA,"34206324",NA,0,"MSU campus trees project student observer, pre 2026"
-6843,NA,NA,"34245331",NA,0,"MSU campus trees project student observer, pre 2026"
-6844,NA,NA,"34259722",NA,0,"MSU campus trees project student observer, pre 2026"
-6845,NA,NA,"34372163",NA,0,"MSU campus trees project student observer, pre 2026"
-6846,NA,NA,"34422917",NA,0,"MSU campus trees project student observer, pre 2026"
-6847,NA,NA,"34423879",NA,0,"MSU campus trees project student observer, pre 2026"
-6848,NA,NA,"34435025",NA,0,"MSU campus trees project student observer, pre 2026"
-6849,NA,NA,"34476938",NA,0,"MSU campus trees project student observer, pre 2026"
-6850,NA,NA,"34576854",NA,0,"MSU campus trees project student observer, pre 2026"
-6851,NA,NA,"34612981",NA,0,"MSU campus trees project student observer, pre 2026"
-6852,NA,NA,"34618692",NA,0,"MSU campus trees project student observer, pre 2026"
-6853,NA,NA,"34629382",NA,0,"MSU campus trees project student observer, pre 2026"
-6854,NA,NA,"34637669",NA,0,"MSU campus trees project student observer, pre 2026"
-6855,NA,NA,"34646384",NA,0,"MSU campus trees project student observer, pre 2026"
-6856,NA,NA,"34657774",NA,0,"MSU campus trees project student observer, pre 2026"
-6857,NA,NA,"34698023",NA,0,"MSU campus trees project student observer, pre 2026"
-6858,NA,NA,"34722035",NA,0,"MSU campus trees project student observer, pre 2026"
-6859,NA,NA,"34728489",NA,0,"MSU campus trees project student observer, pre 2026"
-6860,NA,NA,"34774915",NA,0,"MSU campus trees project student observer, pre 2026"
-6861,NA,NA,"34789049",NA,0,"MSU campus trees project student observer, pre 2026"
-6862,NA,NA,"34810716",NA,0,"MSU campus trees project student observer, pre 2026"
-6863,NA,NA,"34825321",NA,0,"MSU campus trees project student observer, pre 2026"
-6864,NA,NA,"34841657",NA,0,"MSU campus trees project student observer, pre 2026"
-6865,NA,NA,"34900219",NA,0,"MSU campus trees project student observer, pre 2026"
-6866,NA,NA,"34930970",NA,0,"MSU campus trees project student observer, pre 2026"
-6867,NA,NA,"34986378",NA,0,"MSU campus trees project student observer, pre 2026"
-6868,NA,NA,"35050454",NA,0,"MSU campus trees project student observer, pre 2026"
-6869,NA,NA,"35082019",NA,0,"MSU campus trees project student observer, pre 2026"
-6870,NA,NA,"35109071",NA,0,"MSU campus trees project student observer, pre 2026"
-6871,NA,NA,"35119177",NA,0,"MSU campus trees project student observer, pre 2026"
-6872,NA,NA,"35148229",NA,0,"MSU campus trees project student observer, pre 2026"
-6873,NA,NA,"35178388",NA,0,"MSU campus trees project student observer, pre 2026"
-6874,NA,NA,"35182357",NA,0,"MSU campus trees project student observer, pre 2026"
-6875,NA,NA,"35182605",NA,0,"MSU campus trees project student observer, pre 2026"
-6876,NA,NA,"35190903",NA,0,"MSU campus trees project student observer, pre 2026"
-6877,NA,NA,"35190999",NA,0,"MSU campus trees project student observer, pre 2026"
-6878,NA,NA,"35194283",NA,0,"MSU campus trees project student observer, pre 2026"
-6879,NA,NA,"35220829",NA,0,"MSU campus trees project student observer, pre 2026"
-6880,NA,NA,"35225721",NA,0,"MSU campus trees project student observer, pre 2026"
-6881,NA,NA,"35237783",NA,0,"MSU campus trees project student observer, pre 2026"
-6882,NA,NA,"35263505",NA,0,"MSU campus trees project student observer, pre 2026"
-6883,NA,NA,"35272333",NA,0,"MSU campus trees project student observer, pre 2026"
-6884,NA,NA,"35309895",NA,0,"MSU campus trees project student observer, pre 2026"
-6885,NA,NA,"35330391",NA,0,"MSU campus trees project student observer, pre 2026"
-6886,NA,NA,"35369760",NA,0,"MSU campus trees project student observer, pre 2026"
-6887,NA,NA,"35418288",NA,0,"MSU campus trees project student observer, pre 2026"
-6888,NA,NA,"35502838",NA,0,"MSU campus trees project student observer, pre 2026"
-6889,NA,NA,"35537915",NA,0,"MSU campus trees project student observer, pre 2026"
-6890,NA,NA,"35556580",NA,0,"MSU campus trees project student observer, pre 2026"
-6891,NA,NA,"35633872",NA,0,"MSU campus trees project student observer, pre 2026"
-6892,NA,NA,"35634323",NA,0,"MSU campus trees project student observer, pre 2026"
-6893,NA,NA,"35637811",NA,0,"MSU campus trees project student observer, pre 2026"
-6894,NA,NA,"35653627",NA,0,"MSU campus trees project student observer, pre 2026"
-6895,NA,NA,"35765454",NA,0,"MSU campus trees project student observer, pre 2026"
-6896,NA,NA,"35779205",NA,0,"MSU campus trees project student observer, pre 2026"
-6897,NA,NA,"35805064",NA,0,"MSU campus trees project student observer, pre 2026"
-6898,NA,NA,"35805488",NA,0,"MSU campus trees project student observer, pre 2026"
-6899,NA,NA,"35866439",NA,0,"MSU campus trees project student observer, pre 2026"
-6900,NA,NA,"35906705",NA,0,"MSU campus trees project student observer, pre 2026"
-6901,NA,NA,"35964576",NA,0,"MSU campus trees project student observer, pre 2026"
-6902,NA,NA,"35973946",NA,0,"MSU campus trees project student observer, pre 2026"
-6903,NA,NA,"35983079",NA,0,"MSU campus trees project student observer, pre 2026"
-6904,NA,NA,"36009210",NA,0,"MSU campus trees project student observer, pre 2026"
-6905,NA,NA,"36042744",NA,0,"MSU campus trees project student observer, pre 2026"
-6906,NA,NA,"36044715",NA,0,"MSU campus trees project student observer, pre 2026"
-6907,NA,NA,"36106533",NA,0,"MSU campus trees project student observer, pre 2026"
-6908,NA,NA,"36111791",NA,0,"MSU campus trees project student observer, pre 2026"
-6909,NA,NA,"36128419",NA,0,"MSU campus trees project student observer, pre 2026"
-6910,NA,NA,"36207589",NA,0,"MSU campus trees project student observer, pre 2026"
-6911,NA,NA,"36223188",NA,0,"MSU campus trees project student observer, pre 2026"
-6912,NA,NA,"36268620",NA,0,"MSU campus trees project student observer, pre 2026"
-6913,NA,NA,"36354999",NA,0,"MSU campus trees project student observer, pre 2026"
-6914,NA,NA,"36377278",NA,0,"MSU campus trees project student observer, pre 2026"
-6915,NA,NA,"36385199",NA,0,"MSU campus trees project student observer, pre 2026"
-6916,NA,NA,"36406363",NA,0,"MSU campus trees project student observer, pre 2026"
-6917,NA,NA,"36440551",NA,0,"MSU campus trees project student observer, pre 2026"
-6918,NA,NA,"36446749",NA,0,"MSU campus trees project student observer, pre 2026"
-6919,NA,NA,"36476255",NA,0,"MSU campus trees project student observer, pre 2026"
-6920,NA,NA,"36526753",NA,0,"MSU campus trees project student observer, pre 2026"
-6921,NA,NA,"36532383",NA,0,"MSU campus trees project student observer, pre 2026"
-6922,NA,NA,"36550426",NA,0,"MSU campus trees project student observer, pre 2026"
-6923,NA,NA,"36592233",NA,0,"MSU campus trees project student observer, pre 2026"
-6924,NA,NA,"36633799",NA,0,"MSU campus trees project student observer, pre 2026"
-6925,NA,NA,"36660809",NA,0,"MSU campus trees project student observer, pre 2026"
-6926,NA,NA,"36704001",NA,0,"MSU campus trees project student observer, pre 2026"
-6927,NA,NA,"36704965",NA,0,"MSU campus trees project student observer, pre 2026"
-6928,NA,NA,"36761899",NA,0,"MSU campus trees project student observer, pre 2026"
-6929,NA,NA,"36764489",NA,0,"MSU campus trees project student observer, pre 2026"
-6930,NA,NA,"36822532",NA,0,"MSU campus trees project student observer, pre 2026"
-6931,NA,NA,"36826475",NA,0,"MSU campus trees project student observer, pre 2026"
-6932,NA,NA,"36898274",NA,0,"MSU campus trees project student observer, pre 2026"
-6933,NA,NA,"36945077",NA,0,"MSU campus trees project student observer, pre 2026"
-6934,NA,NA,"36977329",NA,0,"MSU campus trees project student observer, pre 2026"
-6935,NA,NA,"37003210",NA,0,"MSU campus trees project student observer, pre 2026"
-6936,NA,NA,"37029212",NA,0,"MSU campus trees project student observer, pre 2026"
-6937,NA,NA,"37046247",NA,0,"MSU campus trees project student observer, pre 2026"
-6938,NA,NA,"37251132",NA,0,"MSU campus trees project student observer, pre 2026"
-6939,NA,NA,"37306094",NA,0,"MSU campus trees project student observer, pre 2026"
-6940,NA,NA,"37311925",NA,0,"MSU campus trees project student observer, pre 2026"
-6941,NA,NA,"37363122",NA,0,"MSU campus trees project student observer, pre 2026"
-6942,NA,NA,"37381583",NA,0,"MSU campus trees project student observer, pre 2026"
-6943,NA,NA,"37428237",NA,0,"MSU campus trees project student observer, pre 2026"
-6944,NA,NA,"37456564",NA,0,"MSU campus trees project student observer, pre 2026"
-6945,NA,NA,"37461123",NA,0,"MSU campus trees project student observer, pre 2026"
-6946,NA,NA,"37465454",NA,0,"MSU campus trees project student observer, pre 2026"
-6947,NA,NA,"37521785",NA,0,"MSU campus trees project student observer, pre 2026"
-6948,NA,NA,"37610379",NA,0,"MSU campus trees project student observer, pre 2026"
-6949,NA,NA,"37645797",NA,0,"MSU campus trees project student observer, pre 2026"
-6950,NA,NA,"37648530",NA,0,"MSU campus trees project student observer, pre 2026"
-6951,NA,NA,"37659927",NA,0,"MSU campus trees project student observer, pre 2026"
-6952,NA,NA,"37660205",NA,0,"MSU campus trees project student observer, pre 2026"
-6953,NA,NA,"37696254",NA,0,"MSU campus trees project student observer, pre 2026"
-6954,NA,NA,"37804474",NA,0,"MSU campus trees project student observer, pre 2026"
-6955,NA,NA,"37822431",NA,0,"MSU campus trees project student observer, pre 2026"
-6956,NA,NA,"37823402",NA,0,"MSU campus trees project student observer, pre 2026"
-6957,NA,NA,"37939308",NA,0,"MSU campus trees project student observer, pre 2026"
-6958,NA,NA,"37971273",NA,0,"MSU campus trees project student observer, pre 2026"
-6959,NA,NA,"38052856",NA,0,"MSU campus trees project student observer, pre 2026"
-6960,NA,NA,"38072912",NA,0,"MSU campus trees project student observer, pre 2026"
-6961,NA,NA,"38109685",NA,0,"MSU campus trees project student observer, pre 2026"
-6962,NA,NA,"38122447",NA,0,"MSU campus trees project student observer, pre 2026"
-6963,NA,NA,"38168149",NA,0,"MSU campus trees project student observer, pre 2026"
-6964,NA,NA,"38182375",NA,0,"MSU campus trees project student observer, pre 2026"
-6965,NA,NA,"38187343",NA,0,"MSU campus trees project student observer, pre 2026"
-6966,NA,NA,"38213253",NA,0,"MSU campus trees project student observer, pre 2026"
-6967,NA,NA,"38280729",NA,0,"MSU campus trees project student observer, pre 2026"
-6968,NA,NA,"38290353",NA,0,"MSU campus trees project student observer, pre 2026"
-6969,NA,NA,"38315848",NA,0,"MSU campus trees project student observer, pre 2026"
-6970,NA,NA,"38317931",NA,0,"MSU campus trees project student observer, pre 2026"
-6971,NA,NA,"38331818",NA,0,"MSU campus trees project student observer, pre 2026"
-6972,NA,NA,"38339304",NA,0,"MSU campus trees project student observer, pre 2026"
-6973,NA,NA,"38391562",NA,0,"MSU campus trees project student observer, pre 2026"
-6974,NA,NA,"38423727",NA,0,"MSU campus trees project student observer, pre 2026"
-6975,NA,NA,"38451193",NA,0,"MSU campus trees project student observer, pre 2026"
-6976,NA,NA,"38460397",NA,0,"MSU campus trees project student observer, pre 2026"
-6977,NA,NA,"38466399",NA,0,"MSU campus trees project student observer, pre 2026"
-6978,NA,NA,"38474420",NA,0,"MSU campus trees project student observer, pre 2026"
-6979,NA,NA,"38477132",NA,0,"MSU campus trees project student observer, pre 2026"
-6980,NA,NA,"38477708",NA,0,"MSU campus trees project student observer, pre 2026"
-6981,NA,NA,"38518927",NA,0,"MSU campus trees project student observer, pre 2026"
-6982,NA,NA,"38580434",NA,0,"MSU campus trees project student observer, pre 2026"
-6983,NA,NA,"38622367",NA,0,"MSU campus trees project student observer, pre 2026"
-6984,NA,NA,"38624638",NA,0,"MSU campus trees project student observer, pre 2026"
-6985,NA,NA,"38644215",NA,0,"MSU campus trees project student observer, pre 2026"
-6986,NA,NA,"38649522",NA,0,"MSU campus trees project student observer, pre 2026"
-6987,NA,NA,"38656557",NA,0,"MSU campus trees project student observer, pre 2026"
-6988,NA,NA,"38664146",NA,0,"MSU campus trees project student observer, pre 2026"
-6989,NA,NA,"38665123",NA,0,"MSU campus trees project student observer, pre 2026"
-6990,NA,NA,"38734417",NA,0,"MSU campus trees project student observer, pre 2026"
-6991,NA,NA,"38751203",NA,0,"MSU campus trees project student observer, pre 2026"
-6992,NA,NA,"38821666",NA,0,"MSU campus trees project student observer, pre 2026"
-6993,NA,NA,"38893623",NA,0,"MSU campus trees project student observer, pre 2026"
-6994,NA,NA,"38907273",NA,0,"MSU campus trees project student observer, pre 2026"
-6995,NA,NA,"38908848",NA,0,"MSU campus trees project student observer, pre 2026"
-6996,NA,NA,"38932658",NA,0,"MSU campus trees project student observer, pre 2026"
-6997,NA,NA,"38938472",NA,0,"MSU campus trees project student observer, pre 2026"
-6998,NA,NA,"39020778",NA,0,"MSU campus trees project student observer, pre 2026"
-6999,NA,NA,"39031261",NA,0,"MSU campus trees project student observer, pre 2026"
-7000,NA,NA,"39079322",NA,0,"MSU campus trees project student observer, pre 2026"
-7001,NA,NA,"39081882",NA,0,"MSU campus trees project student observer, pre 2026"
-7002,NA,NA,"39105716",NA,0,"MSU campus trees project student observer, pre 2026"
-7003,NA,NA,"39106583",NA,0,"MSU campus trees project student observer, pre 2026"
-7004,NA,NA,"39146662",NA,0,"MSU campus trees project student observer, pre 2026"
-7005,NA,NA,"39182362",NA,0,"MSU campus trees project student observer, pre 2026"
-7006,NA,NA,"39238744",NA,0,"MSU campus trees project student observer, pre 2026"
-7007,NA,NA,"39284561",NA,0,"MSU campus trees project student observer, pre 2026"
-7008,NA,NA,"39291146",NA,0,"MSU campus trees project student observer, pre 2026"
-7009,NA,NA,"39329503",NA,0,"MSU campus trees project student observer, pre 2026"
-7010,NA,NA,"39330188",NA,0,"MSU campus trees project student observer, pre 2026"
-7011,NA,NA,"39418363",NA,0,"MSU campus trees project student observer, pre 2026"
-7012,NA,NA,"39446969",NA,0,"MSU campus trees project student observer, pre 2026"
-7013,NA,NA,"39448417",NA,0,"MSU campus trees project student observer, pre 2026"
-7014,NA,NA,"39464906",NA,0,"MSU campus trees project student observer, pre 2026"
-7015,NA,NA,"39476764",NA,0,"MSU campus trees project student observer, pre 2026"
-7016,NA,NA,"39617982",NA,0,"MSU campus trees project student observer, pre 2026"
-7017,NA,NA,"39646938",NA,0,"MSU campus trees project student observer, pre 2026"
-7018,NA,NA,"39660737",NA,0,"MSU campus trees project student observer, pre 2026"
-7019,NA,NA,"39683210",NA,0,"MSU campus trees project student observer, pre 2026"
-7020,NA,NA,"39700255",NA,0,"MSU campus trees project student observer, pre 2026"
-7021,NA,NA,"39750688",NA,0,"MSU campus trees project student observer, pre 2026"
-7022,NA,NA,"39765640",NA,0,"MSU campus trees project student observer, pre 2026"
-7023,NA,NA,"39796278",NA,0,"MSU campus trees project student observer, pre 2026"
-7024,NA,NA,"39812081",NA,0,"MSU campus trees project student observer, pre 2026"
-7025,NA,NA,"39812164",NA,0,"MSU campus trees project student observer, pre 2026"
-7026,NA,NA,"39882872",NA,0,"MSU campus trees project student observer, pre 2026"
-7027,NA,NA,"39900311",NA,0,"MSU campus trees project student observer, pre 2026"
-7028,NA,NA,"39909597",NA,0,"MSU campus trees project student observer, pre 2026"
-7029,NA,NA,"39917401",NA,0,"MSU campus trees project student observer, pre 2026"
-7030,NA,NA,"39945649",NA,0,"MSU campus trees project student observer, pre 2026"
-7031,NA,NA,"39969336",NA,0,"MSU campus trees project student observer, pre 2026"
-7032,NA,NA,"40001434",NA,0,"MSU campus trees project student observer, pre 2026"
-7033,NA,NA,"40001586",NA,0,"MSU campus trees project student observer, pre 2026"
-7034,NA,NA,"40011530",NA,0,"MSU campus trees project student observer, pre 2026"
-7035,NA,NA,"40069241",NA,0,"MSU campus trees project student observer, pre 2026"
-7036,NA,NA,"40088082",NA,0,"MSU campus trees project student observer, pre 2026"
-7037,NA,NA,"40090499",NA,0,"MSU campus trees project student observer, pre 2026"
-7038,NA,NA,"40096593",NA,0,"MSU campus trees project student observer, pre 2026"
-7039,NA,NA,"40124633",NA,0,"MSU campus trees project student observer, pre 2026"
-7040,NA,NA,"40138655",NA,0,"MSU campus trees project student observer, pre 2026"
-7041,NA,NA,"40145744",NA,0,"MSU campus trees project student observer, pre 2026"
-7042,NA,NA,"40158706",NA,0,"MSU campus trees project student observer, pre 2026"
-7043,NA,NA,"40184275",NA,0,"MSU campus trees project student observer, pre 2026"
-7044,NA,NA,"40196412",NA,0,"MSU campus trees project student observer, pre 2026"
-7045,NA,NA,"40197080",NA,0,"MSU campus trees project student observer, pre 2026"
-7046,NA,NA,"40246353",NA,0,"MSU campus trees project student observer, pre 2026"
-7047,NA,NA,"40259857",NA,0,"MSU campus trees project student observer, pre 2026"
-7048,NA,NA,"40304404",NA,0,"MSU campus trees project student observer, pre 2026"
-7049,NA,NA,"40344419",NA,0,"MSU campus trees project student observer, pre 2026"
-7050,NA,NA,"40363944",NA,0,"MSU campus trees project student observer, pre 2026"
-7051,NA,NA,"40406450",NA,0,"MSU campus trees project student observer, pre 2026"
-7052,NA,NA,"40419301",NA,0,"MSU campus trees project student observer, pre 2026"
-7053,NA,NA,"40421682",NA,0,"MSU campus trees project student observer, pre 2026"
-7054,NA,NA,"40470100",NA,0,"MSU campus trees project student observer, pre 2026"
-7055,NA,NA,"40491794",NA,0,"MSU campus trees project student observer, pre 2026"
-7056,NA,NA,"40507059",NA,0,"MSU campus trees project student observer, pre 2026"
-7057,NA,NA,"40521767",NA,0,"MSU campus trees project student observer, pre 2026"
-7058,NA,NA,"40551197",NA,0,"MSU campus trees project student observer, pre 2026"
-7059,NA,NA,"40569363",NA,0,"MSU campus trees project student observer, pre 2026"
-7060,NA,NA,"40630535",NA,0,"MSU campus trees project student observer, pre 2026"
-7061,NA,NA,"40657844",NA,0,"MSU campus trees project student observer, pre 2026"
-7062,NA,NA,"40661333",NA,0,"MSU campus trees project student observer, pre 2026"
-7063,NA,NA,"40682447",NA,0,"MSU campus trees project student observer, pre 2026"
-7064,NA,NA,"40682546",NA,0,"MSU campus trees project student observer, pre 2026"
-7065,NA,NA,"40697604",NA,0,"MSU campus trees project student observer, pre 2026"
-7066,NA,NA,"40730728",NA,0,"MSU campus trees project student observer, pre 2026"
-7067,NA,NA,"40749721",NA,0,"MSU campus trees project student observer, pre 2026"
-7068,NA,NA,"40763317",NA,0,"MSU campus trees project student observer, pre 2026"
-7069,NA,NA,"40927418",NA,0,"MSU campus trees project student observer, pre 2026"
-7070,NA,NA,"40986639",NA,0,"MSU campus trees project student observer, pre 2026"
-7071,NA,NA,"41011641",NA,0,"MSU campus trees project student observer, pre 2026"
-7072,NA,NA,"41011859",NA,0,"MSU campus trees project student observer, pre 2026"
-7073,NA,NA,"41078641",NA,0,"MSU campus trees project student observer, pre 2026"
-7074,NA,NA,"41118772",NA,0,"MSU campus trees project student observer, pre 2026"
-7075,NA,NA,"41153765",NA,0,"MSU campus trees project student observer, pre 2026"
-7076,NA,NA,"41188923",NA,0,"MSU campus trees project student observer, pre 2026"
-7077,NA,NA,"41230418",NA,0,"MSU campus trees project student observer, pre 2026"
-7078,NA,NA,"41296755",NA,0,"MSU campus trees project student observer, pre 2026"
-7079,NA,NA,"41297309",NA,0,"MSU campus trees project student observer, pre 2026"
-7080,NA,NA,"41297762",NA,0,"MSU campus trees project student observer, pre 2026"
-7081,NA,NA,"41358484",NA,0,"MSU campus trees project student observer, pre 2026"
-7082,NA,NA,"41382482",NA,0,"MSU campus trees project student observer, pre 2026"
-7083,NA,NA,"41391754",NA,0,"MSU campus trees project student observer, pre 2026"
-7084,NA,NA,"41409991",NA,0,"MSU campus trees project student observer, pre 2026"
-7085,NA,NA,"41425046",NA,0,"MSU campus trees project student observer, pre 2026"
-7086,NA,NA,"41445790",NA,0,"MSU campus trees project student observer, pre 2026"
-7087,NA,NA,"41469398",NA,0,"MSU campus trees project student observer, pre 2026"
-7088,NA,NA,"41478533",NA,0,"MSU campus trees project student observer, pre 2026"
-7089,NA,NA,"41535112",NA,0,"MSU campus trees project student observer, pre 2026"
-7090,NA,NA,"41602054",NA,0,"MSU campus trees project student observer, pre 2026"
-7091,NA,NA,"41633423",NA,0,"MSU campus trees project student observer, pre 2026"
-7092,NA,NA,"41670020",NA,0,"MSU campus trees project student observer, pre 2026"
-7093,NA,NA,"41677532",NA,0,"MSU campus trees project student observer, pre 2026"
-7094,NA,NA,"41716716",NA,0,"MSU campus trees project student observer, pre 2026"
-7095,NA,NA,"41745901",NA,0,"MSU campus trees project student observer, pre 2026"
-7096,NA,NA,"41806211",NA,0,"MSU campus trees project student observer, pre 2026"
-7097,NA,NA,"41812163",NA,0,"MSU campus trees project student observer, pre 2026"
-7098,NA,NA,"41849740",NA,0,"MSU campus trees project student observer, pre 2026"
-7099,NA,NA,"41871003",NA,0,"MSU campus trees project student observer, pre 2026"
-7100,NA,NA,"41882975",NA,0,"MSU campus trees project student observer, pre 2026"
-7101,NA,NA,"41917171",NA,0,"MSU campus trees project student observer, pre 2026"
-7102,NA,NA,"41970923",NA,0,"MSU campus trees project student observer, pre 2026"
-7103,NA,NA,"41987507",NA,0,"MSU campus trees project student observer, pre 2026"
-7104,NA,NA,"42088741",NA,0,"MSU campus trees project student observer, pre 2026"
-7105,NA,NA,"42136239",NA,0,"MSU campus trees project student observer, pre 2026"
-7106,NA,NA,"42149032",NA,0,"MSU campus trees project student observer, pre 2026"
-7107,NA,NA,"42152004",NA,0,"MSU campus trees project student observer, pre 2026"
-7108,NA,NA,"42158341",NA,0,"MSU campus trees project student observer, pre 2026"
-7109,NA,NA,"42171797",NA,0,"MSU campus trees project student observer, pre 2026"
-7110,NA,NA,"42215377",NA,0,"MSU campus trees project student observer, pre 2026"
-7111,NA,NA,"42268451",NA,0,"MSU campus trees project student observer, pre 2026"
-7112,NA,NA,"42268472",NA,0,"MSU campus trees project student observer, pre 2026"
-7113,NA,NA,"42272781",NA,0,"MSU campus trees project student observer, pre 2026"
-7114,NA,NA,"42283866",NA,0,"MSU campus trees project student observer, pre 2026"
-7115,NA,NA,"42292682",NA,0,"MSU campus trees project student observer, pre 2026"
-7116,NA,NA,"42308469",NA,0,"MSU campus trees project student observer, pre 2026"
-7117,NA,NA,"42315968",NA,0,"MSU campus trees project student observer, pre 2026"
-7118,NA,NA,"42316815",NA,0,"MSU campus trees project student observer, pre 2026"
-7119,NA,NA,"42338743",NA,0,"MSU campus trees project student observer, pre 2026"
-7120,NA,NA,"42357769",NA,0,"MSU campus trees project student observer, pre 2026"
-7121,NA,NA,"42379172",NA,0,"MSU campus trees project student observer, pre 2026"
-7122,NA,NA,"42449793",NA,0,"MSU campus trees project student observer, pre 2026"
-7123,NA,NA,"42509695",NA,0,"MSU campus trees project student observer, pre 2026"
-7124,NA,NA,"42526908",NA,0,"MSU campus trees project student observer, pre 2026"
-7125,NA,NA,"42599520",NA,0,"MSU campus trees project student observer, pre 2026"
-7126,NA,NA,"42627417",NA,0,"MSU campus trees project student observer, pre 2026"
-7127,NA,NA,"42633511",NA,0,"MSU campus trees project student observer, pre 2026"
-7128,NA,NA,"42652489",NA,0,"MSU campus trees project student observer, pre 2026"
-7129,NA,NA,"42656665",NA,0,"MSU campus trees project student observer, pre 2026"
-7130,NA,NA,"42680811",NA,0,"MSU campus trees project student observer, pre 2026"
-7131,NA,NA,"42683258",NA,0,"MSU campus trees project student observer, pre 2026"
-7132,NA,NA,"42702974",NA,0,"MSU campus trees project student observer, pre 2026"
-7133,NA,NA,"42730908",NA,0,"MSU campus trees project student observer, pre 2026"
-7134,NA,NA,"42780164",NA,0,"MSU campus trees project student observer, pre 2026"
-7135,NA,NA,"42782589",NA,0,"MSU campus trees project student observer, pre 2026"
-7136,NA,NA,"42843922",NA,0,"MSU campus trees project student observer, pre 2026"
-7137,NA,NA,"42891760",NA,0,"MSU campus trees project student observer, pre 2026"
-7138,NA,NA,"42957622",NA,0,"MSU campus trees project student observer, pre 2026"
-7139,NA,NA,"42958550",NA,0,"MSU campus trees project student observer, pre 2026"
-7140,NA,NA,"42981141",NA,0,"MSU campus trees project student observer, pre 2026"
-7141,NA,NA,"43005036",NA,0,"MSU campus trees project student observer, pre 2026"
-7142,NA,NA,"43022310",NA,0,"MSU campus trees project student observer, pre 2026"
-7143,NA,NA,"43030957",NA,0,"MSU campus trees project student observer, pre 2026"
-7144,NA,NA,"43040907",NA,0,"MSU campus trees project student observer, pre 2026"
-7145,NA,NA,"43049960",NA,0,"MSU campus trees project student observer, pre 2026"
-7146,NA,NA,"43097297",NA,0,"MSU campus trees project student observer, pre 2026"
-7147,NA,NA,"43115981",NA,0,"MSU campus trees project student observer, pre 2026"
-7148,NA,NA,"43151122",NA,0,"MSU campus trees project student observer, pre 2026"
-7149,NA,NA,"43183064",NA,0,"MSU campus trees project student observer, pre 2026"
-7150,NA,NA,"43186662",NA,0,"MSU campus trees project student observer, pre 2026"
-7151,NA,NA,"43209150",NA,0,"MSU campus trees project student observer, pre 2026"
-7152,NA,NA,"43221575",NA,0,"MSU campus trees project student observer, pre 2026"
-7153,NA,NA,"43274226",NA,0,"MSU campus trees project student observer, pre 2026"
-7154,NA,NA,"43290380",NA,0,"MSU campus trees project student observer, pre 2026"
-7155,NA,NA,"43312166",NA,0,"MSU campus trees project student observer, pre 2026"
-7156,NA,NA,"43315173",NA,0,"MSU campus trees project student observer, pre 2026"
-7157,NA,NA,"43362248",NA,0,"MSU campus trees project student observer, pre 2026"
-7158,NA,NA,"43419295",NA,0,"MSU campus trees project student observer, pre 2026"
-7159,NA,NA,"43422553",NA,0,"MSU campus trees project student observer, pre 2026"
-7160,NA,NA,"43426681",NA,0,"MSU campus trees project student observer, pre 2026"
-7161,NA,NA,"43428627",NA,0,"MSU campus trees project student observer, pre 2026"
-7162,NA,NA,"43430831",NA,0,"MSU campus trees project student observer, pre 2026"
-7163,NA,NA,"43479575",NA,0,"MSU campus trees project student observer, pre 2026"
-7164,NA,NA,"43486330",NA,0,"MSU campus trees project student observer, pre 2026"
-7165,NA,NA,"43622773",NA,0,"MSU campus trees project student observer, pre 2026"
-7166,NA,NA,"43653893",NA,0,"MSU campus trees project student observer, pre 2026"
-7167,NA,NA,"43656859",NA,0,"MSU campus trees project student observer, pre 2026"
-7168,NA,NA,"43802901",NA,0,"MSU campus trees project student observer, pre 2026"
-7169,NA,NA,"43843016",NA,0,"MSU campus trees project student observer, pre 2026"
-7170,NA,NA,"43927257",NA,0,"MSU campus trees project student observer, pre 2026"
-7171,NA,NA,"43986380",NA,0,"MSU campus trees project student observer, pre 2026"
-7172,NA,NA,"44007406",NA,0,"MSU campus trees project student observer, pre 2026"
-7173,NA,NA,"44024501",NA,0,"MSU campus trees project student observer, pre 2026"
-7174,NA,NA,"44040945",NA,0,"MSU campus trees project student observer, pre 2026"
-7175,NA,NA,"44046593",NA,0,"MSU campus trees project student observer, pre 2026"
-7176,NA,NA,"44088350",NA,0,"MSU campus trees project student observer, pre 2026"
-7177,NA,NA,"44097396",NA,0,"MSU campus trees project student observer, pre 2026"
-7178,NA,NA,"44116736",NA,0,"MSU campus trees project student observer, pre 2026"
-7179,NA,NA,"44192289",NA,0,"MSU campus trees project student observer, pre 2026"
-7180,NA,NA,"44231858",NA,0,"MSU campus trees project student observer, pre 2026"
-7181,NA,NA,"44259728",NA,0,"MSU campus trees project student observer, pre 2026"
-7182,NA,NA,"44268292",NA,0,"MSU campus trees project student observer, pre 2026"
-7183,NA,NA,"44279300",NA,0,"MSU campus trees project student observer, pre 2026"
-7184,NA,NA,"44313101",NA,0,"MSU campus trees project student observer, pre 2026"
-7185,NA,NA,"44328873",NA,0,"MSU campus trees project student observer, pre 2026"
-7186,NA,NA,"44347956",NA,0,"MSU campus trees project student observer, pre 2026"
-7187,NA,NA,"44368371",NA,0,"MSU campus trees project student observer, pre 2026"
-7188,NA,NA,"44429315",NA,0,"MSU campus trees project student observer, pre 2026"
-7189,NA,NA,"44429585",NA,0,"MSU campus trees project student observer, pre 2026"
-7190,NA,NA,"44438627",NA,0,"MSU campus trees project student observer, pre 2026"
-7191,NA,NA,"44442870",NA,0,"MSU campus trees project student observer, pre 2026"
-7192,NA,NA,"44494623",NA,0,"MSU campus trees project student observer, pre 2026"
-7193,NA,NA,"44561949",NA,0,"MSU campus trees project student observer, pre 2026"
-7194,NA,NA,"44571621",NA,0,"MSU campus trees project student observer, pre 2026"
-7195,NA,NA,"44582041",NA,0,"MSU campus trees project student observer, pre 2026"
-7196,NA,NA,"44584594",NA,0,"MSU campus trees project student observer, pre 2026"
-7197,NA,NA,"44585724",NA,0,"MSU campus trees project student observer, pre 2026"
-7198,NA,NA,"44602157",NA,0,"MSU campus trees project student observer, pre 2026"
-7199,NA,NA,"44661066",NA,0,"MSU campus trees project student observer, pre 2026"
-7200,NA,NA,"44678605",NA,0,"MSU campus trees project student observer, pre 2026"
-7201,NA,NA,"44703778",NA,0,"MSU campus trees project student observer, pre 2026"
-7202,NA,NA,"44729731",NA,0,"MSU campus trees project student observer, pre 2026"
-7203,NA,NA,"44736558",NA,0,"MSU campus trees project student observer, pre 2026"
-7204,NA,NA,"44739588",NA,0,"MSU campus trees project student observer, pre 2026"
-7205,NA,NA,"44752101",NA,0,"MSU campus trees project student observer, pre 2026"
-7206,NA,NA,"44776360",NA,0,"MSU campus trees project student observer, pre 2026"
-7207,NA,NA,"44785249",NA,0,"MSU campus trees project student observer, pre 2026"
-7208,NA,NA,"44786358",NA,0,"MSU campus trees project student observer, pre 2026"
-7209,NA,NA,"44787414",NA,0,"MSU campus trees project student observer, pre 2026"
-7210,NA,NA,"44849016",NA,0,"MSU campus trees project student observer, pre 2026"
-7211,NA,NA,"44861089",NA,0,"MSU campus trees project student observer, pre 2026"
-7212,NA,NA,"44882860",NA,0,"MSU campus trees project student observer, pre 2026"
-7213,NA,NA,"44955453",NA,0,"MSU campus trees project student observer, pre 2026"
-7214,NA,NA,"44961513",NA,0,"MSU campus trees project student observer, pre 2026"
-7215,NA,NA,"45086229",NA,0,"MSU campus trees project student observer, pre 2026"
-7216,NA,NA,"45096383",NA,0,"MSU campus trees project student observer, pre 2026"
-7217,NA,NA,"45100223",NA,0,"MSU campus trees project student observer, pre 2026"
-7218,NA,NA,"45123152",NA,0,"MSU campus trees project student observer, pre 2026"
-7219,NA,NA,"45160391",NA,0,"MSU campus trees project student observer, pre 2026"
-7220,NA,NA,"45214666",NA,0,"MSU campus trees project student observer, pre 2026"
-7221,NA,NA,"45365441",NA,0,"MSU campus trees project student observer, pre 2026"
-7222,NA,NA,"45392318",NA,0,"MSU campus trees project student observer, pre 2026"
-7223,NA,NA,"45403724",NA,0,"MSU campus trees project student observer, pre 2026"
-7224,NA,NA,"45440346",NA,0,"MSU campus trees project student observer, pre 2026"
-7225,NA,NA,"45454344",NA,0,"MSU campus trees project student observer, pre 2026"
-7226,NA,NA,"45488403",NA,0,"MSU campus trees project student observer, pre 2026"
-7227,NA,NA,"45555630",NA,0,"MSU campus trees project student observer, pre 2026"
-7228,NA,NA,"45588990",NA,0,"MSU campus trees project student observer, pre 2026"
-7229,NA,NA,"45604540",NA,0,"MSU campus trees project student observer, pre 2026"
-7230,NA,NA,"45613839",NA,0,"MSU campus trees project student observer, pre 2026"
-7231,NA,NA,"45623474",NA,0,"MSU campus trees project student observer, pre 2026"
-7232,NA,NA,"45647138",NA,0,"MSU campus trees project student observer, pre 2026"
-7233,NA,NA,"45667996",NA,0,"MSU campus trees project student observer, pre 2026"
-7234,NA,NA,"45744060",NA,0,"MSU campus trees project student observer, pre 2026"
-7235,NA,NA,"45778372",NA,0,"MSU campus trees project student observer, pre 2026"
-7236,NA,NA,"45797923",NA,0,"MSU campus trees project student observer, pre 2026"
-7237,NA,NA,"45887135",NA,0,"MSU campus trees project student observer, pre 2026"
-7238,NA,NA,"45913069",NA,0,"MSU campus trees project student observer, pre 2026"
-7239,NA,NA,"45945919",NA,0,"MSU campus trees project student observer, pre 2026"
-7240,NA,NA,"46029752",NA,0,"MSU campus trees project student observer, pre 2026"
-7241,NA,NA,"46034100",NA,0,"MSU campus trees project student observer, pre 2026"
-7242,NA,NA,"46041607",NA,0,"MSU campus trees project student observer, pre 2026"
-7243,NA,NA,"46044804",NA,0,"MSU campus trees project student observer, pre 2026"
-7244,NA,NA,"46073059",NA,0,"MSU campus trees project student observer, pre 2026"
-7245,NA,NA,"46115001",NA,0,"MSU campus trees project student observer, pre 2026"
-7246,NA,NA,"46164270",NA,0,"MSU campus trees project student observer, pre 2026"
-7247,NA,NA,"46168055",NA,0,"MSU campus trees project student observer, pre 2026"
-7248,NA,NA,"46181087",NA,0,"MSU campus trees project student observer, pre 2026"
-7249,NA,NA,"46194037",NA,0,"MSU campus trees project student observer, pre 2026"
-7250,NA,NA,"46280763",NA,0,"MSU campus trees project student observer, pre 2026"
-7251,NA,NA,"46289184",NA,0,"MSU campus trees project student observer, pre 2026"
-7252,NA,NA,"46318588",NA,0,"MSU campus trees project student observer, pre 2026"
-7253,NA,NA,"46356652",NA,0,"MSU campus trees project student observer, pre 2026"
-7254,NA,NA,"46429167",NA,0,"MSU campus trees project student observer, pre 2026"
-7255,NA,NA,"46451015",NA,0,"MSU campus trees project student observer, pre 2026"
-7256,NA,NA,"46473300",NA,0,"MSU campus trees project student observer, pre 2026"
-7257,NA,NA,"46507165",NA,0,"MSU campus trees project student observer, pre 2026"
-7258,NA,NA,"46536164",NA,0,"MSU campus trees project student observer, pre 2026"
-7259,NA,NA,"46560631",NA,0,"MSU campus trees project student observer, pre 2026"
-7260,NA,NA,"46597230",NA,0,"MSU campus trees project student observer, pre 2026"
-7261,NA,NA,"46615791",NA,0,"MSU campus trees project student observer, pre 2026"
-7262,NA,NA,"46618717",NA,0,"MSU campus trees project student observer, pre 2026"
-7263,NA,NA,"46628546",NA,0,"MSU campus trees project student observer, pre 2026"
-7264,NA,NA,"46707776",NA,0,"MSU campus trees project student observer, pre 2026"
-7265,NA,NA,"46720896",NA,0,"MSU campus trees project student observer, pre 2026"
-7266,NA,NA,"46739834",NA,0,"MSU campus trees project student observer, pre 2026"
-7267,NA,NA,"46800366",NA,0,"MSU campus trees project student observer, pre 2026"
-7268,NA,NA,"46835282",NA,0,"MSU campus trees project student observer, pre 2026"
-7269,NA,NA,"46855142",NA,0,"MSU campus trees project student observer, pre 2026"
-7270,NA,NA,"46887812",NA,0,"MSU campus trees project student observer, pre 2026"
-7271,NA,NA,"46902777",NA,0,"MSU campus trees project student observer, pre 2026"
-7272,NA,NA,"46938519",NA,0,"MSU campus trees project student observer, pre 2026"
-7273,NA,NA,"46955849",NA,0,"MSU campus trees project student observer, pre 2026"
-7274,NA,NA,"46959536",NA,0,"MSU campus trees project student observer, pre 2026"
-7275,NA,NA,"46997290",NA,0,"MSU campus trees project student observer, pre 2026"
-7276,NA,NA,"47027927",NA,0,"MSU campus trees project student observer, pre 2026"
-7277,NA,NA,"47069714",NA,0,"MSU campus trees project student observer, pre 2026"
-7278,NA,NA,"47069976",NA,0,"MSU campus trees project student observer, pre 2026"
-7279,NA,NA,"47085184",NA,0,"MSU campus trees project student observer, pre 2026"
-7280,NA,NA,"47126729",NA,0,"MSU campus trees project student observer, pre 2026"
-7281,NA,NA,"47183012",NA,0,"MSU campus trees project student observer, pre 2026"
-7282,NA,NA,"47185441",NA,0,"MSU campus trees project student observer, pre 2026"
-7283,NA,NA,"47202893",NA,0,"MSU campus trees project student observer, pre 2026"
-7284,NA,NA,"47210203",NA,0,"MSU campus trees project student observer, pre 2026"
-7285,NA,NA,"47220832",NA,0,"MSU campus trees project student observer, pre 2026"
-7286,NA,NA,"47226665",NA,0,"MSU campus trees project student observer, pre 2026"
-7287,NA,NA,"47230686",NA,0,"MSU campus trees project student observer, pre 2026"
-7288,NA,NA,"47242610",NA,0,"MSU campus trees project student observer, pre 2026"
-7289,NA,NA,"47245463",NA,0,"MSU campus trees project student observer, pre 2026"
-7290,NA,NA,"47336343",NA,0,"MSU campus trees project student observer, pre 2026"
-7291,NA,NA,"47353177",NA,0,"MSU campus trees project student observer, pre 2026"
-7292,NA,NA,"47432393",NA,0,"MSU campus trees project student observer, pre 2026"
-7293,NA,NA,"47472742",NA,0,"MSU campus trees project student observer, pre 2026"
-7294,NA,NA,"47478331",NA,0,"MSU campus trees project student observer, pre 2026"
-7295,NA,NA,"47486348",NA,0,"MSU campus trees project student observer, pre 2026"
-7296,NA,NA,"47526981",NA,0,"MSU campus trees project student observer, pre 2026"
-7297,NA,NA,"47540981",NA,0,"MSU campus trees project student observer, pre 2026"
-7298,NA,NA,"47560897",NA,0,"MSU campus trees project student observer, pre 2026"
-7299,NA,NA,"47563507",NA,0,"MSU campus trees project student observer, pre 2026"
-7300,NA,NA,"47617017",NA,0,"MSU campus trees project student observer, pre 2026"
-7301,NA,NA,"47635956",NA,0,"MSU campus trees project student observer, pre 2026"
-7302,NA,NA,"47638749",NA,0,"MSU campus trees project student observer, pre 2026"
-7303,NA,NA,"47693799",NA,0,"MSU campus trees project student observer, pre 2026"
-7304,NA,NA,"47698344",NA,0,"MSU campus trees project student observer, pre 2026"
-7305,NA,NA,"47736529",NA,0,"MSU campus trees project student observer, pre 2026"
-7306,NA,NA,"47737051",NA,0,"MSU campus trees project student observer, pre 2026"
-7307,NA,NA,"47740856",NA,0,"MSU campus trees project student observer, pre 2026"
-7308,NA,NA,"47764445",NA,0,"MSU campus trees project student observer, pre 2026"
-7309,NA,NA,"47780374",NA,0,"MSU campus trees project student observer, pre 2026"
-7310,NA,NA,"47781370",NA,0,"MSU campus trees project student observer, pre 2026"
-7311,NA,NA,"47783857",NA,0,"MSU campus trees project student observer, pre 2026"
-7312,NA,NA,"47928093",NA,0,"MSU campus trees project student observer, pre 2026"
-7313,NA,NA,"47954739",NA,0,"MSU campus trees project student observer, pre 2026"
-7314,NA,NA,"47983237",NA,0,"MSU campus trees project student observer, pre 2026"
-7315,NA,NA,"47990343",NA,0,"MSU campus trees project student observer, pre 2026"
-7316,NA,NA,"48001747",NA,0,"MSU campus trees project student observer, pre 2026"
-7317,NA,NA,"48016907",NA,0,"MSU campus trees project student observer, pre 2026"
-7318,NA,NA,"48058167",NA,0,"MSU campus trees project student observer, pre 2026"
-7319,NA,NA,"48112195",NA,0,"MSU campus trees project student observer, pre 2026"
-7320,NA,NA,"48114419",NA,0,"MSU campus trees project student observer, pre 2026"
-7321,NA,NA,"48120428",NA,0,"MSU campus trees project student observer, pre 2026"
-7322,NA,NA,"48131261",NA,0,"MSU campus trees project student observer, pre 2026"
-7323,NA,NA,"48149753",NA,0,"MSU campus trees project student observer, pre 2026"
-7324,NA,NA,"48151212",NA,0,"MSU campus trees project student observer, pre 2026"
-7325,NA,NA,"48157500",NA,0,"MSU campus trees project student observer, pre 2026"
-7326,NA,NA,"48200726",NA,0,"MSU campus trees project student observer, pre 2026"
-7327,NA,NA,"48249950",NA,0,"MSU campus trees project student observer, pre 2026"
-7328,NA,NA,"48272000",NA,0,"MSU campus trees project student observer, pre 2026"
-7329,NA,NA,"48273722",NA,0,"MSU campus trees project student observer, pre 2026"
-7330,NA,NA,"48301849",NA,0,"MSU campus trees project student observer, pre 2026"
-7331,NA,NA,"48334043",NA,0,"MSU campus trees project student observer, pre 2026"
-7332,NA,NA,"48335125",NA,0,"MSU campus trees project student observer, pre 2026"
-7333,NA,NA,"48345085",NA,0,"MSU campus trees project student observer, pre 2026"
-7334,NA,NA,"48390064",NA,0,"MSU campus trees project student observer, pre 2026"
-7335,NA,NA,"48405042",NA,0,"MSU campus trees project student observer, pre 2026"
-7336,NA,NA,"48466548",NA,0,"MSU campus trees project student observer, pre 2026"
-7337,NA,NA,"48468076",NA,0,"MSU campus trees project student observer, pre 2026"
-7338,NA,NA,"48477023",NA,0,"MSU campus trees project student observer, pre 2026"
-7339,NA,NA,"48515737",NA,0,"MSU campus trees project student observer, pre 2026"
-7340,NA,NA,"48523333",NA,0,"MSU campus trees project student observer, pre 2026"
-7341,NA,NA,"48554429",NA,0,"MSU campus trees project student observer, pre 2026"
-7342,NA,NA,"48586469",NA,0,"MSU campus trees project student observer, pre 2026"
-7343,NA,NA,"48591425",NA,0,"MSU campus trees project student observer, pre 2026"
-7344,NA,NA,"48599834",NA,0,"MSU campus trees project student observer, pre 2026"
-7345,NA,NA,"48632359",NA,0,"MSU campus trees project student observer, pre 2026"
-7346,NA,NA,"48677867",NA,0,"MSU campus trees project student observer, pre 2026"
-7347,NA,NA,"48721275",NA,0,"MSU campus trees project student observer, pre 2026"
-7348,NA,NA,"48765422",NA,0,"MSU campus trees project student observer, pre 2026"
-7349,NA,NA,"48864925",NA,0,"MSU campus trees project student observer, pre 2026"
-7350,NA,NA,"48893216",NA,0,"MSU campus trees project student observer, pre 2026"
-7351,NA,NA,"48923742",NA,0,"MSU campus trees project student observer, pre 2026"
-7352,NA,NA,"48984575",NA,0,"MSU campus trees project student observer, pre 2026"
-7353,NA,NA,"49042311",NA,0,"MSU campus trees project student observer, pre 2026"
-7354,NA,NA,"49064404",NA,0,"MSU campus trees project student observer, pre 2026"
-7355,NA,NA,"49065936",NA,0,"MSU campus trees project student observer, pre 2026"
-7356,NA,NA,"49077660",NA,0,"MSU campus trees project student observer, pre 2026"
-7357,NA,NA,"49108374",NA,0,"MSU campus trees project student observer, pre 2026"
-7358,NA,NA,"49130538",NA,0,"MSU campus trees project student observer, pre 2026"
-7359,NA,NA,"49141013",NA,0,"MSU campus trees project student observer, pre 2026"
-7360,NA,NA,"49155817",NA,0,"MSU campus trees project student observer, pre 2026"
-7361,NA,NA,"49165013",NA,0,"MSU campus trees project student observer, pre 2026"
-7362,NA,NA,"49184911",NA,0,"MSU campus trees project student observer, pre 2026"
-7363,NA,NA,"49189434",NA,0,"MSU campus trees project student observer, pre 2026"
-7364,NA,NA,"49193105",NA,0,"MSU campus trees project student observer, pre 2026"
-7365,NA,NA,"49206650",NA,0,"MSU campus trees project student observer, pre 2026"
-7366,NA,NA,"49213056",NA,0,"MSU campus trees project student observer, pre 2026"
-7367,NA,NA,"49243170",NA,0,"MSU campus trees project student observer, pre 2026"
-7368,NA,NA,"49244103",NA,0,"MSU campus trees project student observer, pre 2026"
-7369,NA,NA,"49266742",NA,0,"MSU campus trees project student observer, pre 2026"
-7370,NA,NA,"49270297",NA,0,"MSU campus trees project student observer, pre 2026"
-7371,NA,NA,"49295061",NA,0,"MSU campus trees project student observer, pre 2026"
-7372,NA,NA,"49298030",NA,0,"MSU campus trees project student observer, pre 2026"
-7373,NA,NA,"49332655",NA,0,"MSU campus trees project student observer, pre 2026"
-7374,NA,NA,"49339838",NA,0,"MSU campus trees project student observer, pre 2026"
-7375,NA,NA,"49345687",NA,0,"MSU campus trees project student observer, pre 2026"
-7376,NA,NA,"49358242",NA,0,"MSU campus trees project student observer, pre 2026"
-7377,NA,NA,"49365802",NA,0,"MSU campus trees project student observer, pre 2026"
-7378,NA,NA,"49368323",NA,0,"MSU campus trees project student observer, pre 2026"
-7379,NA,NA,"49411829",NA,0,"MSU campus trees project student observer, pre 2026"
-7380,NA,NA,"49423020",NA,0,"MSU campus trees project student observer, pre 2026"
-7381,NA,NA,"49458963",NA,0,"MSU campus trees project student observer, pre 2026"
-7382,NA,NA,"49512242",NA,0,"MSU campus trees project student observer, pre 2026"
-7383,NA,NA,"49518736",NA,0,"MSU campus trees project student observer, pre 2026"
-7384,NA,NA,"49571949",NA,0,"MSU campus trees project student observer, pre 2026"
-7385,NA,NA,"49613260",NA,0,"MSU campus trees project student observer, pre 2026"
-7386,NA,NA,"49616399",NA,0,"MSU campus trees project student observer, pre 2026"
-7387,NA,NA,"49622947",NA,0,"MSU campus trees project student observer, pre 2026"
-7388,NA,NA,"49648818",NA,0,"MSU campus trees project student observer, pre 2026"
-7389,NA,NA,"49651449",NA,0,"MSU campus trees project student observer, pre 2026"
-7390,NA,NA,"49654307",NA,0,"MSU campus trees project student observer, pre 2026"
-7391,NA,NA,"49656310",NA,0,"MSU campus trees project student observer, pre 2026"
-7392,NA,NA,"49674235",NA,0,"MSU campus trees project student observer, pre 2026"
-7393,NA,NA,"49729101",NA,0,"MSU campus trees project student observer, pre 2026"
-7394,NA,NA,"49729501",NA,0,"MSU campus trees project student observer, pre 2026"
-7395,NA,NA,"49736782",NA,0,"MSU campus trees project student observer, pre 2026"
-7396,NA,NA,"49744913",NA,0,"MSU campus trees project student observer, pre 2026"
-7397,NA,NA,"49758437",NA,0,"MSU campus trees project student observer, pre 2026"
-7398,NA,NA,"49761246",NA,0,"MSU campus trees project student observer, pre 2026"
-7399,NA,NA,"49786995",NA,0,"MSU campus trees project student observer, pre 2026"
-7400,NA,NA,"49787649",NA,0,"MSU campus trees project student observer, pre 2026"
-7401,NA,NA,"49797914",NA,0,"MSU campus trees project student observer, pre 2026"
-7402,NA,NA,"49811143",NA,0,"MSU campus trees project student observer, pre 2026"
-7403,NA,NA,"49825182",NA,0,"MSU campus trees project student observer, pre 2026"
-7404,NA,NA,"49913800",NA,0,"MSU campus trees project student observer, pre 2026"
-7405,NA,NA,"50050051",NA,0,"MSU campus trees project student observer, pre 2026"
-7406,NA,NA,"50107921",NA,0,"MSU campus trees project student observer, pre 2026"
-7407,NA,NA,"50138089",NA,0,"MSU campus trees project student observer, pre 2026"
-7408,NA,NA,"50172647",NA,0,"MSU campus trees project student observer, pre 2026"
-7409,NA,NA,"50182007",NA,0,"MSU campus trees project student observer, pre 2026"
-7410,NA,NA,"50189318",NA,0,"MSU campus trees project student observer, pre 2026"
-7411,NA,NA,"50194989",NA,0,"MSU campus trees project student observer, pre 2026"
-7412,NA,NA,"50214599",NA,0,"MSU campus trees project student observer, pre 2026"
-7413,NA,NA,"50248386",NA,0,"MSU campus trees project student observer, pre 2026"
-7414,NA,NA,"50261734",NA,0,"MSU campus trees project student observer, pre 2026"
-7415,NA,NA,"50365410",NA,0,"MSU campus trees project student observer, pre 2026"
-7416,NA,NA,"50380510",NA,0,"MSU campus trees project student observer, pre 2026"
-7417,NA,NA,"50394688",NA,0,"MSU campus trees project student observer, pre 2026"
-7418,NA,NA,"50428555",NA,0,"MSU campus trees project student observer, pre 2026"
-7419,NA,NA,"50440791",NA,0,"MSU campus trees project student observer, pre 2026"
-7420,NA,NA,"50516336",NA,0,"MSU campus trees project student observer, pre 2026"
-7421,NA,NA,"50517800",NA,0,"MSU campus trees project student observer, pre 2026"
-7422,NA,NA,"50541490",NA,0,"MSU campus trees project student observer, pre 2026"
-7423,NA,NA,"50549047",NA,0,"MSU campus trees project student observer, pre 2026"
-7424,NA,NA,"50557040",NA,0,"MSU campus trees project student observer, pre 2026"
-7425,NA,NA,"50578225",NA,0,"MSU campus trees project student observer, pre 2026"
-7426,NA,NA,"50652084",NA,0,"MSU campus trees project student observer, pre 2026"
-7427,NA,NA,"50662401",NA,0,"MSU campus trees project student observer, pre 2026"
-7428,NA,NA,"50702672",NA,0,"MSU campus trees project student observer, pre 2026"
-7429,NA,NA,"50717531",NA,0,"MSU campus trees project student observer, pre 2026"
-7430,NA,NA,"50722600",NA,0,"MSU campus trees project student observer, pre 2026"
-7431,NA,NA,"50759797",NA,0,"MSU campus trees project student observer, pre 2026"
-7432,NA,NA,"50815020",NA,0,"MSU campus trees project student observer, pre 2026"
-7433,NA,NA,"50815402",NA,0,"MSU campus trees project student observer, pre 2026"
-7434,NA,NA,"50859814",NA,0,"MSU campus trees project student observer, pre 2026"
-7435,NA,NA,"50860544",NA,0,"MSU campus trees project student observer, pre 2026"
-7436,NA,NA,"50869720",NA,0,"MSU campus trees project student observer, pre 2026"
-7437,NA,NA,"50897948",NA,0,"MSU campus trees project student observer, pre 2026"
-7438,NA,NA,"50912335",NA,0,"MSU campus trees project student observer, pre 2026"
-7439,NA,NA,"50928591",NA,0,"MSU campus trees project student observer, pre 2026"
-7440,NA,NA,"50945818",NA,0,"MSU campus trees project student observer, pre 2026"
-7441,NA,NA,"50949999",NA,0,"MSU campus trees project student observer, pre 2026"
-7442,NA,NA,"51017813",NA,0,"MSU campus trees project student observer, pre 2026"
-7443,NA,NA,"51024369",NA,0,"MSU campus trees project student observer, pre 2026"
-7444,NA,NA,"51082879",NA,0,"MSU campus trees project student observer, pre 2026"
-7445,NA,NA,"51181328",NA,0,"MSU campus trees project student observer, pre 2026"
-7446,NA,NA,"51199595",NA,0,"MSU campus trees project student observer, pre 2026"
-7447,NA,NA,"51219053",NA,0,"MSU campus trees project student observer, pre 2026"
-7448,NA,NA,"51237124",NA,0,"MSU campus trees project student observer, pre 2026"
-7449,NA,NA,"51243846",NA,0,"MSU campus trees project student observer, pre 2026"
-7450,NA,NA,"51246317",NA,0,"MSU campus trees project student observer, pre 2026"
-7451,NA,NA,"51264081",NA,0,"MSU campus trees project student observer, pre 2026"
-7452,NA,NA,"51274700",NA,0,"MSU campus trees project student observer, pre 2026"
-7453,NA,NA,"51284350",NA,0,"MSU campus trees project student observer, pre 2026"
-7454,NA,NA,"51300542",NA,0,"MSU campus trees project student observer, pre 2026"
-7455,NA,NA,"51303678",NA,0,"MSU campus trees project student observer, pre 2026"
-7456,NA,NA,"51339361",NA,0,"MSU campus trees project student observer, pre 2026"
-7457,NA,NA,"51443098",NA,0,"MSU campus trees project student observer, pre 2026"
-7458,NA,NA,"51449051",NA,0,"MSU campus trees project student observer, pre 2026"
-7459,NA,NA,"51454323",NA,0,"MSU campus trees project student observer, pre 2026"
-7460,NA,NA,"51463943",NA,0,"MSU campus trees project student observer, pre 2026"
-7461,NA,NA,"51474768",NA,0,"MSU campus trees project student observer, pre 2026"
-7462,NA,NA,"51506588",NA,0,"MSU campus trees project student observer, pre 2026"
-7463,NA,NA,"51516045",NA,0,"MSU campus trees project student observer, pre 2026"
-7464,NA,NA,"51566678",NA,0,"MSU campus trees project student observer, pre 2026"
-7465,NA,NA,"51609738",NA,0,"MSU campus trees project student observer, pre 2026"
-7466,NA,NA,"51640596",NA,0,"MSU campus trees project student observer, pre 2026"
-7467,NA,NA,"51665622",NA,0,"MSU campus trees project student observer, pre 2026"
-7468,NA,NA,"51679229",NA,0,"MSU campus trees project student observer, pre 2026"
-7469,NA,NA,"51691045",NA,0,"MSU campus trees project student observer, pre 2026"
-7470,NA,NA,"51751439",NA,0,"MSU campus trees project student observer, pre 2026"
-7471,NA,NA,"51764450",NA,0,"MSU campus trees project student observer, pre 2026"
-7472,NA,NA,"51766299",NA,0,"MSU campus trees project student observer, pre 2026"
-7473,NA,NA,"51770913",NA,0,"MSU campus trees project student observer, pre 2026"
-7474,NA,NA,"51789208",NA,0,"MSU campus trees project student observer, pre 2026"
-7475,NA,NA,"51856590",NA,0,"MSU campus trees project student observer, pre 2026"
-7476,NA,NA,"51857973",NA,0,"MSU campus trees project student observer, pre 2026"
-7477,NA,NA,"51873201",NA,0,"MSU campus trees project student observer, pre 2026"
-7478,NA,NA,"51880310",NA,0,"MSU campus trees project student observer, pre 2026"
-7479,NA,NA,"51880965",NA,0,"MSU campus trees project student observer, pre 2026"
-7480,NA,NA,"51928746",NA,0,"MSU campus trees project student observer, pre 2026"
-7481,NA,NA,"51993687",NA,0,"MSU campus trees project student observer, pre 2026"
-7482,NA,NA,"52006309",NA,0,"MSU campus trees project student observer, pre 2026"
-7483,NA,NA,"52017131",NA,0,"MSU campus trees project student observer, pre 2026"
-7484,NA,NA,"52052878",NA,0,"MSU campus trees project student observer, pre 2026"
-7485,NA,NA,"52105556",NA,0,"MSU campus trees project student observer, pre 2026"
-7486,NA,NA,"52146474",NA,0,"MSU campus trees project student observer, pre 2026"
-7487,NA,NA,"52155719",NA,0,"MSU campus trees project student observer, pre 2026"
-7488,NA,NA,"52171688",NA,0,"MSU campus trees project student observer, pre 2026"
-7489,NA,NA,"52178062",NA,0,"MSU campus trees project student observer, pre 2026"
-7490,NA,NA,"52218195",NA,0,"MSU campus trees project student observer, pre 2026"
-7491,NA,NA,"52230748",NA,0,"MSU campus trees project student observer, pre 2026"
-7492,NA,NA,"52251648",NA,0,"MSU campus trees project student observer, pre 2026"
-7493,NA,NA,"52279841",NA,0,"MSU campus trees project student observer, pre 2026"
-7494,NA,NA,"52285963",NA,0,"MSU campus trees project student observer, pre 2026"
-7495,NA,NA,"52307984",NA,0,"MSU campus trees project student observer, pre 2026"
-7496,NA,NA,"52319634",NA,0,"MSU campus trees project student observer, pre 2026"
-7497,NA,NA,"52337181",NA,0,"MSU campus trees project student observer, pre 2026"
-7498,NA,NA,"52355623",NA,0,"MSU campus trees project student observer, pre 2026"
-7499,NA,NA,"52377910",NA,0,"MSU campus trees project student observer, pre 2026"
-7500,NA,NA,"52409936",NA,0,"MSU campus trees project student observer, pre 2026"
-7501,NA,NA,"52451264",NA,0,"MSU campus trees project student observer, pre 2026"
-7502,NA,NA,"52456525",NA,0,"MSU campus trees project student observer, pre 2026"
-7503,NA,NA,"52460483",NA,0,"MSU campus trees project student observer, pre 2026"
-7504,NA,NA,"52469704",NA,0,"MSU campus trees project student observer, pre 2026"
-7505,NA,NA,"52516958",NA,0,"MSU campus trees project student observer, pre 2026"
-7506,NA,NA,"52533499",NA,0,"MSU campus trees project student observer, pre 2026"
-7507,NA,NA,"52544291",NA,0,"MSU campus trees project student observer, pre 2026"
-7508,NA,NA,"52573412",NA,0,"MSU campus trees project student observer, pre 2026"
-7509,NA,NA,"52596051",NA,0,"MSU campus trees project student observer, pre 2026"
-7510,NA,NA,"52606745",NA,0,"MSU campus trees project student observer, pre 2026"
-7511,NA,NA,"52609286",NA,0,"MSU campus trees project student observer, pre 2026"
-7512,NA,NA,"52649173",NA,0,"MSU campus trees project student observer, pre 2026"
-7513,NA,NA,"52676420",NA,0,"MSU campus trees project student observer, pre 2026"
-7514,NA,NA,"52710195",NA,0,"MSU campus trees project student observer, pre 2026"
-7515,NA,NA,"52732588",NA,0,"MSU campus trees project student observer, pre 2026"
-7516,NA,NA,"52758306",NA,0,"MSU campus trees project student observer, pre 2026"
-7517,NA,NA,"52837308",NA,0,"MSU campus trees project student observer, pre 2026"
-7518,NA,NA,"52878065",NA,0,"MSU campus trees project student observer, pre 2026"
-7519,NA,NA,"52902507",NA,0,"MSU campus trees project student observer, pre 2026"
-7520,NA,NA,"53006398",NA,0,"MSU campus trees project student observer, pre 2026"
-7521,NA,NA,"53088877",NA,0,"MSU campus trees project student observer, pre 2026"
-7522,NA,NA,"53117340",NA,0,"MSU campus trees project student observer, pre 2026"
-7523,NA,NA,"53195691",NA,0,"MSU campus trees project student observer, pre 2026"
-7524,NA,NA,"53267222",NA,0,"MSU campus trees project student observer, pre 2026"
-7525,NA,NA,"53440322",NA,0,"MSU campus trees project student observer, pre 2026"
-7526,NA,NA,"53447745",NA,0,"MSU campus trees project student observer, pre 2026"
-7527,NA,NA,"53454597",NA,0,"MSU campus trees project student observer, pre 2026"
-7528,NA,NA,"53527171",NA,0,"MSU campus trees project student observer, pre 2026"
-7529,NA,NA,"53555529",NA,0,"MSU campus trees project student observer, pre 2026"
-7530,NA,NA,"53574336",NA,0,"MSU campus trees project student observer, pre 2026"
-7531,NA,NA,"53585639",NA,0,"MSU campus trees project student observer, pre 2026"
-7532,NA,NA,"53598541",NA,0,"MSU campus trees project student observer, pre 2026"
-7533,NA,NA,"53598889",NA,0,"MSU campus trees project student observer, pre 2026"
-7534,NA,NA,"53604272",NA,0,"MSU campus trees project student observer, pre 2026"
-7535,NA,NA,"53674923",NA,0,"MSU campus trees project student observer, pre 2026"
-7536,NA,NA,"53705213",NA,0,"MSU campus trees project student observer, pre 2026"
-7537,NA,NA,"53875839",NA,0,"MSU campus trees project student observer, pre 2026"
-7538,NA,NA,"53939545",NA,0,"MSU campus trees project student observer, pre 2026"
-7539,NA,NA,"53978211",NA,0,"MSU campus trees project student observer, pre 2026"
-7540,NA,NA,"54013657",NA,0,"MSU campus trees project student observer, pre 2026"
-7541,NA,NA,"54214522",NA,0,"MSU campus trees project student observer, pre 2026"
-7542,NA,NA,"54242529",NA,0,"MSU campus trees project student observer, pre 2026"
-7543,NA,NA,"54267764",NA,0,"MSU campus trees project student observer, pre 2026"
-7544,NA,NA,"54329842",NA,0,"MSU campus trees project student observer, pre 2026"
-7545,NA,NA,"54345004",NA,0,"MSU campus trees project student observer, pre 2026"
-7546,NA,NA,"54361793",NA,0,"MSU campus trees project student observer, pre 2026"
-7547,NA,NA,"54397946",NA,0,"MSU campus trees project student observer, pre 2026"
-7548,NA,NA,"54403727",NA,0,"MSU campus trees project student observer, pre 2026"
-7549,NA,NA,"54406091",NA,0,"MSU campus trees project student observer, pre 2026"
-7550,NA,NA,"54406654",NA,0,"MSU campus trees project student observer, pre 2026"
-7551,NA,NA,"54424091",NA,0,"MSU campus trees project student observer, pre 2026"
-7552,NA,NA,"54432302",NA,0,"MSU campus trees project student observer, pre 2026"
-7553,NA,NA,"54468762",NA,0,"MSU campus trees project student observer, pre 2026"
-7554,NA,NA,"54498369",NA,0,"MSU campus trees project student observer, pre 2026"
-7555,NA,NA,"54512135",NA,0,"MSU campus trees project student observer, pre 2026"
-7556,NA,NA,"54514087",NA,0,"MSU campus trees project student observer, pre 2026"
-7557,NA,NA,"54519651",NA,0,"MSU campus trees project student observer, pre 2026"
-7558,NA,NA,"54530103",NA,0,"MSU campus trees project student observer, pre 2026"
-7559,NA,NA,"54586797",NA,0,"MSU campus trees project student observer, pre 2026"
-7560,NA,NA,"54591141",NA,0,"MSU campus trees project student observer, pre 2026"
-7561,NA,NA,"54595717",NA,0,"MSU campus trees project student observer, pre 2026"
-7562,NA,NA,"54607983",NA,0,"MSU campus trees project student observer, pre 2026"
-7563,NA,NA,"54635459",NA,0,"MSU campus trees project student observer, pre 2026"
-7564,NA,NA,"54668447",NA,0,"MSU campus trees project student observer, pre 2026"
-7565,NA,NA,"54671074",NA,0,"MSU campus trees project student observer, pre 2026"
-7566,NA,NA,"54716704",NA,0,"MSU campus trees project student observer, pre 2026"
-7567,NA,NA,"54794072",NA,0,"MSU campus trees project student observer, pre 2026"
-7568,NA,NA,"54815069",NA,0,"MSU campus trees project student observer, pre 2026"
-7569,NA,NA,"54838090",NA,0,"MSU campus trees project student observer, pre 2026"
-7570,NA,NA,"54847740",NA,0,"MSU campus trees project student observer, pre 2026"
-7571,NA,NA,"54895658",NA,0,"MSU campus trees project student observer, pre 2026"
-7572,NA,NA,"54917051",NA,0,"MSU campus trees project student observer, pre 2026"
-7573,NA,NA,"55051788",NA,0,"MSU campus trees project student observer, pre 2026"
-7574,NA,NA,"55058585",NA,0,"MSU campus trees project student observer, pre 2026"
-7575,NA,NA,"55064734",NA,0,"MSU campus trees project student observer, pre 2026"
-7576,NA,NA,"55096324",NA,0,"MSU campus trees project student observer, pre 2026"
-7577,NA,NA,"55102372",NA,0,"MSU campus trees project student observer, pre 2026"
-7578,NA,NA,"55115148",NA,0,"MSU campus trees project student observer, pre 2026"
-7579,NA,NA,"55131103",NA,0,"MSU campus trees project student observer, pre 2026"
-7580,NA,NA,"55172209",NA,0,"MSU campus trees project student observer, pre 2026"
-7581,NA,NA,"55179839",NA,0,"MSU campus trees project student observer, pre 2026"
-7582,NA,NA,"55193849",NA,0,"MSU campus trees project student observer, pre 2026"
-7583,NA,NA,"55195820",NA,0,"MSU campus trees project student observer, pre 2026"
-7584,NA,NA,"55231959",NA,0,"MSU campus trees project student observer, pre 2026"
-7585,NA,NA,"55271928",NA,0,"MSU campus trees project student observer, pre 2026"
-7586,NA,NA,"55275297",NA,0,"MSU campus trees project student observer, pre 2026"
-7587,NA,NA,"55275327",NA,0,"MSU campus trees project student observer, pre 2026"
-7588,NA,NA,"55282818",NA,0,"MSU campus trees project student observer, pre 2026"
-7589,NA,NA,"55298547",NA,0,"MSU campus trees project student observer, pre 2026"
-7590,NA,NA,"55321670",NA,0,"MSU campus trees project student observer, pre 2026"
-7591,NA,NA,"55326232",NA,0,"MSU campus trees project student observer, pre 2026"
-7592,NA,NA,"55363606",NA,0,"MSU campus trees project student observer, pre 2026"
-7593,NA,NA,"55377113",NA,0,"MSU campus trees project student observer, pre 2026"
-7594,NA,NA,"55413523",NA,0,"MSU campus trees project student observer, pre 2026"
-7595,NA,NA,"55418185",NA,0,"MSU campus trees project student observer, pre 2026"
-7596,NA,NA,"55484834",NA,0,"MSU campus trees project student observer, pre 2026"
-7597,NA,NA,"55500617",NA,0,"MSU campus trees project student observer, pre 2026"
-7598,NA,NA,"55504396",NA,0,"MSU campus trees project student observer, pre 2026"
-7599,NA,NA,"55554183",NA,0,"MSU campus trees project student observer, pre 2026"
-7600,NA,NA,"55574693",NA,0,"MSU campus trees project student observer, pre 2026"
-7601,NA,NA,"55648260",NA,0,"MSU campus trees project student observer, pre 2026"
-7602,NA,NA,"55776105",NA,0,"MSU campus trees project student observer, pre 2026"
-7603,NA,NA,"55797976",NA,0,"MSU campus trees project student observer, pre 2026"
-7604,NA,NA,"55802865",NA,0,"MSU campus trees project student observer, pre 2026"
-7605,NA,NA,"55839763",NA,0,"MSU campus trees project student observer, pre 2026"
-7606,NA,NA,"55916997",NA,0,"MSU campus trees project student observer, pre 2026"
-7607,NA,NA,"55920309",NA,0,"MSU campus trees project student observer, pre 2026"
-7608,NA,NA,"55931287",NA,0,"MSU campus trees project student observer, pre 2026"
-7609,NA,NA,"55931496",NA,0,"MSU campus trees project student observer, pre 2026"
-7610,NA,NA,"55938392",NA,0,"MSU campus trees project student observer, pre 2026"
-7611,NA,NA,"55979125",NA,0,"MSU campus trees project student observer, pre 2026"
-7612,NA,NA,"55996527",NA,0,"MSU campus trees project student observer, pre 2026"
-7613,NA,NA,"56011295",NA,0,"MSU campus trees project student observer, pre 2026"
-7614,NA,NA,"56030539",NA,0,"MSU campus trees project student observer, pre 2026"
-7615,NA,NA,"56033717",NA,0,"MSU campus trees project student observer, pre 2026"
-7616,NA,NA,"56052151",NA,0,"MSU campus trees project student observer, pre 2026"
-7617,NA,NA,"56067665",NA,0,"MSU campus trees project student observer, pre 2026"
-7618,NA,NA,"56088361",NA,0,"MSU campus trees project student observer, pre 2026"
-7619,NA,NA,"56095363",NA,0,"MSU campus trees project student observer, pre 2026"
-7620,NA,NA,"56099428",NA,0,"MSU campus trees project student observer, pre 2026"
-7621,NA,NA,"56106394",NA,0,"MSU campus trees project student observer, pre 2026"
-7622,NA,NA,"56121351",NA,0,"MSU campus trees project student observer, pre 2026"
-7623,NA,NA,"56127774",NA,0,"MSU campus trees project student observer, pre 2026"
-7624,NA,NA,"56212497",NA,0,"MSU campus trees project student observer, pre 2026"
-7625,NA,NA,"56215240",NA,0,"MSU campus trees project student observer, pre 2026"
-7626,NA,NA,"56223978",NA,0,"MSU campus trees project student observer, pre 2026"
-7627,NA,NA,"56228989",NA,0,"MSU campus trees project student observer, pre 2026"
-7628,NA,NA,"56286360",NA,0,"MSU campus trees project student observer, pre 2026"
-7629,NA,NA,"56288924",NA,0,"MSU campus trees project student observer, pre 2026"
-7630,NA,NA,"56361451",NA,0,"MSU campus trees project student observer, pre 2026"
-7631,NA,NA,"56388388",NA,0,"MSU campus trees project student observer, pre 2026"
-7632,NA,NA,"56406718",NA,0,"MSU campus trees project student observer, pre 2026"
-7633,NA,NA,"56428746",NA,0,"MSU campus trees project student observer, pre 2026"
-7634,NA,NA,"56437671",NA,0,"MSU campus trees project student observer, pre 2026"
-7635,NA,NA,"56465038",NA,0,"MSU campus trees project student observer, pre 2026"
-7636,NA,NA,"56480729",NA,0,"MSU campus trees project student observer, pre 2026"
-7637,NA,NA,"56514063",NA,0,"MSU campus trees project student observer, pre 2026"
-7638,NA,NA,"56525670",NA,0,"MSU campus trees project student observer, pre 2026"
-7639,NA,NA,"56609753",NA,0,"MSU campus trees project student observer, pre 2026"
-7640,NA,NA,"56620831",NA,0,"MSU campus trees project student observer, pre 2026"
-7641,NA,NA,"56635600",NA,0,"MSU campus trees project student observer, pre 2026"
-7642,NA,NA,"56654587",NA,0,"MSU campus trees project student observer, pre 2026"
-7643,NA,NA,"56677291",NA,0,"MSU campus trees project student observer, pre 2026"
-7644,NA,NA,"56685473",NA,0,"MSU campus trees project student observer, pre 2026"
-7645,NA,NA,"56705538",NA,0,"MSU campus trees project student observer, pre 2026"
-7646,NA,NA,"56719321",NA,0,"MSU campus trees project student observer, pre 2026"
-7647,NA,NA,"56793042",NA,0,"MSU campus trees project student observer, pre 2026"
-7648,NA,NA,"56832841",NA,0,"MSU campus trees project student observer, pre 2026"
-7649,NA,NA,"56839473",NA,0,"MSU campus trees project student observer, pre 2026"
-7650,NA,NA,"56847767",NA,0,"MSU campus trees project student observer, pre 2026"
-7651,NA,NA,"56860774",NA,0,"MSU campus trees project student observer, pre 2026"
-7652,NA,NA,"56886602",NA,0,"MSU campus trees project student observer, pre 2026"
-7653,NA,NA,"56895964",NA,0,"MSU campus trees project student observer, pre 2026"
-7654,NA,NA,"56897957",NA,0,"MSU campus trees project student observer, pre 2026"
-7655,NA,NA,"56931972",NA,0,"MSU campus trees project student observer, pre 2026"
-7656,NA,NA,"56939827",NA,0,"MSU campus trees project student observer, pre 2026"
-7657,NA,NA,"57009276",NA,0,"MSU campus trees project student observer, pre 2026"
-7658,NA,NA,"57022802",NA,0,"MSU campus trees project student observer, pre 2026"
-7659,NA,NA,"57041617",NA,0,"MSU campus trees project student observer, pre 2026"
-7660,NA,NA,"57049800",NA,0,"MSU campus trees project student observer, pre 2026"
-7661,NA,NA,"57114901",NA,0,"MSU campus trees project student observer, pre 2026"
-7662,NA,NA,"57138374",NA,0,"MSU campus trees project student observer, pre 2026"
-7663,NA,NA,"57171109",NA,0,"MSU campus trees project student observer, pre 2026"
-7664,NA,NA,"57179630",NA,0,"MSU campus trees project student observer, pre 2026"
-7665,NA,NA,"57181821",NA,0,"MSU campus trees project student observer, pre 2026"
-7666,NA,NA,"57192116",NA,0,"MSU campus trees project student observer, pre 2026"
-7667,NA,NA,"57199590",NA,0,"MSU campus trees project student observer, pre 2026"
-7668,NA,NA,"57251846",NA,0,"MSU campus trees project student observer, pre 2026"
-7669,NA,NA,"57251923",NA,0,"MSU campus trees project student observer, pre 2026"
-7670,NA,NA,"57294116",NA,0,"MSU campus trees project student observer, pre 2026"
-7671,NA,NA,"57307293",NA,0,"MSU campus trees project student observer, pre 2026"
-7672,NA,NA,"57404925",NA,0,"MSU campus trees project student observer, pre 2026"
-7673,NA,NA,"57418523",NA,0,"MSU campus trees project student observer, pre 2026"
-7674,NA,NA,"57436186",NA,0,"MSU campus trees project student observer, pre 2026"
-7675,NA,NA,"57452809",NA,0,"MSU campus trees project student observer, pre 2026"
-7676,NA,NA,"57454099",NA,0,"MSU campus trees project student observer, pre 2026"
-7677,NA,NA,"57487826",NA,0,"MSU campus trees project student observer, pre 2026"
-7678,NA,NA,"57488290",NA,0,"MSU campus trees project student observer, pre 2026"
-7679,NA,NA,"57498380",NA,0,"MSU campus trees project student observer, pre 2026"
-7680,NA,NA,"57511588",NA,0,"MSU campus trees project student observer, pre 2026"
-7681,NA,NA,"57539808",NA,0,"MSU campus trees project student observer, pre 2026"
-7682,NA,NA,"57556398",NA,0,"MSU campus trees project student observer, pre 2026"
-7683,NA,NA,"57579093",NA,0,"MSU campus trees project student observer, pre 2026"
-7684,NA,NA,"57588408",NA,0,"MSU campus trees project student observer, pre 2026"
-7685,NA,NA,"57596132",NA,0,"MSU campus trees project student observer, pre 2026"
-7686,NA,NA,"57599670",NA,0,"MSU campus trees project student observer, pre 2026"
-7687,NA,NA,"57670779",NA,0,"MSU campus trees project student observer, pre 2026"
-7688,NA,NA,"57686704",NA,0,"MSU campus trees project student observer, pre 2026"
-7689,NA,NA,"57689889",NA,0,"MSU campus trees project student observer, pre 2026"
-7690,NA,NA,"57711204",NA,0,"MSU campus trees project student observer, pre 2026"
-7691,NA,NA,"57717405",NA,0,"MSU campus trees project student observer, pre 2026"
-7692,NA,NA,"57720554",NA,0,"MSU campus trees project student observer, pre 2026"
-7693,NA,NA,"57741507",NA,0,"MSU campus trees project student observer, pre 2026"
-7694,NA,NA,"57800482",NA,0,"MSU campus trees project student observer, pre 2026"
-7695,NA,NA,"57855011",NA,0,"MSU campus trees project student observer, pre 2026"
-7696,NA,NA,"57873323",NA,0,"MSU campus trees project student observer, pre 2026"
-7697,NA,NA,"57875754",NA,0,"MSU campus trees project student observer, pre 2026"
-7698,NA,NA,"57893497",NA,0,"MSU campus trees project student observer, pre 2026"
-7699,NA,NA,"57930703",NA,0,"MSU campus trees project student observer, pre 2026"
-7700,NA,NA,"57933762",NA,0,"MSU campus trees project student observer, pre 2026"
-7701,NA,NA,"57943442",NA,0,"MSU campus trees project student observer, pre 2026"
-7702,NA,NA,"57976032",NA,0,"MSU campus trees project student observer, pre 2026"
-7703,NA,NA,"58011264",NA,0,"MSU campus trees project student observer, pre 2026"
-7704,NA,NA,"58011670",NA,0,"MSU campus trees project student observer, pre 2026"
-7705,NA,NA,"58059108",NA,0,"MSU campus trees project student observer, pre 2026"
-7706,NA,NA,"58066326",NA,0,"MSU campus trees project student observer, pre 2026"
-7707,NA,NA,"58070370",NA,0,"MSU campus trees project student observer, pre 2026"
-7708,NA,NA,"58132600",NA,0,"MSU campus trees project student observer, pre 2026"
-7709,NA,NA,"58168779",NA,0,"MSU campus trees project student observer, pre 2026"
-7710,NA,NA,"58184531",NA,0,"MSU campus trees project student observer, pre 2026"
-7711,NA,NA,"58204216",NA,0,"MSU campus trees project student observer, pre 2026"
-7712,NA,NA,"58236487",NA,0,"MSU campus trees project student observer, pre 2026"
-7713,NA,NA,"58250963",NA,0,"MSU campus trees project student observer, pre 2026"
-7714,NA,NA,"58262075",NA,0,"MSU campus trees project student observer, pre 2026"
-7715,NA,NA,"58268359",NA,0,"MSU campus trees project student observer, pre 2026"
-7716,NA,NA,"58312487",NA,0,"MSU campus trees project student observer, pre 2026"
-7717,NA,NA,"58315850",NA,0,"MSU campus trees project student observer, pre 2026"
-7718,NA,NA,"58345637",NA,0,"MSU campus trees project student observer, pre 2026"
-7719,NA,NA,"58374688",NA,0,"MSU campus trees project student observer, pre 2026"
-7720,NA,NA,"58380201",NA,0,"MSU campus trees project student observer, pre 2026"
-7721,NA,NA,"58380515",NA,0,"MSU campus trees project student observer, pre 2026"
-7722,NA,NA,"58402224",NA,0,"MSU campus trees project student observer, pre 2026"
-7723,NA,NA,"58426918",NA,0,"MSU campus trees project student observer, pre 2026"
-7724,NA,NA,"58458323",NA,0,"MSU campus trees project student observer, pre 2026"
-7725,NA,NA,"58465341",NA,0,"MSU campus trees project student observer, pre 2026"
-7726,NA,NA,"58482498",NA,0,"MSU campus trees project student observer, pre 2026"
-7727,NA,NA,"58503289",NA,0,"MSU campus trees project student observer, pre 2026"
-7728,NA,NA,"58585838",NA,0,"MSU campus trees project student observer, pre 2026"
-7729,NA,NA,"58769205",NA,0,"MSU campus trees project student observer, pre 2026"
-7730,NA,NA,"58781849",NA,0,"MSU campus trees project student observer, pre 2026"
-7731,NA,NA,"58815801",NA,0,"MSU campus trees project student observer, pre 2026"
-7732,NA,NA,"58892378",NA,0,"MSU campus trees project student observer, pre 2026"
-7733,NA,NA,"58893647",NA,0,"MSU campus trees project student observer, pre 2026"
-7734,NA,NA,"58896684",NA,0,"MSU campus trees project student observer, pre 2026"
-7735,NA,NA,"58959602",NA,0,"MSU campus trees project student observer, pre 2026"
-7736,NA,NA,"58962338",NA,0,"MSU campus trees project student observer, pre 2026"
-7737,NA,NA,"59018093",NA,0,"MSU campus trees project student observer, pre 2026"
-7738,NA,NA,"59034595",NA,0,"MSU campus trees project student observer, pre 2026"
-7739,NA,NA,"59092066",NA,0,"MSU campus trees project student observer, pre 2026"
-7740,NA,NA,"59134295",NA,0,"MSU campus trees project student observer, pre 2026"
-7741,NA,NA,"59221772",NA,0,"MSU campus trees project student observer, pre 2026"
-7742,NA,NA,"59235261",NA,0,"MSU campus trees project student observer, pre 2026"
-7743,NA,NA,"59317431",NA,0,"MSU campus trees project student observer, pre 2026"
-7744,NA,NA,"59332835",NA,0,"MSU campus trees project student observer, pre 2026"
-7745,NA,NA,"59341981",NA,0,"MSU campus trees project student observer, pre 2026"
-7746,NA,NA,"59371240",NA,0,"MSU campus trees project student observer, pre 2026"
-7747,NA,NA,"59391194",NA,0,"MSU campus trees project student observer, pre 2026"
-7748,NA,NA,"59441570",NA,0,"MSU campus trees project student observer, pre 2026"
-7749,NA,NA,"59443538",NA,0,"MSU campus trees project student observer, pre 2026"
-7750,NA,NA,"59484532",NA,0,"MSU campus trees project student observer, pre 2026"
-7751,NA,NA,"59486515",NA,0,"MSU campus trees project student observer, pre 2026"
-7752,NA,NA,"59501695",NA,0,"MSU campus trees project student observer, pre 2026"
-7753,NA,NA,"59594858",NA,0,"MSU campus trees project student observer, pre 2026"
-7754,NA,NA,"59608659",NA,0,"MSU campus trees project student observer, pre 2026"
-7755,NA,NA,"59617148",NA,0,"MSU campus trees project student observer, pre 2026"
-7756,NA,NA,"59663472",NA,0,"MSU campus trees project student observer, pre 2026"
-7757,NA,NA,"59671400",NA,0,"MSU campus trees project student observer, pre 2026"
-7758,NA,NA,"59702403",NA,0,"MSU campus trees project student observer, pre 2026"
-7759,NA,NA,"59702697",NA,0,"MSU campus trees project student observer, pre 2026"
-7760,NA,NA,"59768399",NA,0,"MSU campus trees project student observer, pre 2026"
-7761,NA,NA,"59808153",NA,0,"MSU campus trees project student observer, pre 2026"
-7762,NA,NA,"59858569",NA,0,"MSU campus trees project student observer, pre 2026"
-7763,NA,NA,"59865401",NA,0,"MSU campus trees project student observer, pre 2026"
-7764,NA,NA,"59874836",NA,0,"MSU campus trees project student observer, pre 2026"
-7765,NA,NA,"59896379",NA,0,"MSU campus trees project student observer, pre 2026"
-7766,NA,NA,"59927268",NA,0,"MSU campus trees project student observer, pre 2026"
-7767,NA,NA,"59942595",NA,0,"MSU campus trees project student observer, pre 2026"
-7768,NA,NA,"59975303",NA,0,"MSU campus trees project student observer, pre 2026"
-7769,NA,NA,"59983941",NA,0,"MSU campus trees project student observer, pre 2026"
-7770,NA,NA,"59989836",NA,0,"MSU campus trees project student observer, pre 2026"
-7771,NA,NA,"60018586",NA,0,"MSU campus trees project student observer, pre 2026"
-7772,NA,NA,"60096058",NA,0,"MSU campus trees project student observer, pre 2026"
-7773,NA,NA,"60102349",NA,0,"MSU campus trees project student observer, pre 2026"
-7774,NA,NA,"60126448",NA,0,"MSU campus trees project student observer, pre 2026"
-7775,NA,NA,"60153947",NA,0,"MSU campus trees project student observer, pre 2026"
-7776,NA,NA,"60169843",NA,0,"MSU campus trees project student observer, pre 2026"
-7777,NA,NA,"60221010",NA,0,"MSU campus trees project student observer, pre 2026"
-7778,NA,NA,"60311139",NA,0,"MSU campus trees project student observer, pre 2026"
-7779,NA,NA,"60388204",NA,0,"MSU campus trees project student observer, pre 2026"
-7780,NA,NA,"60416399",NA,0,"MSU campus trees project student observer, pre 2026"
-7781,NA,NA,"60459677",NA,0,"MSU campus trees project student observer, pre 2026"
-7782,NA,NA,"60479099",NA,0,"MSU campus trees project student observer, pre 2026"
-7783,NA,NA,"60501225",NA,0,"MSU campus trees project student observer, pre 2026"
-7784,NA,NA,"60524665",NA,0,"MSU campus trees project student observer, pre 2026"
-7785,NA,NA,"60551176",NA,0,"MSU campus trees project student observer, pre 2026"
-7786,NA,NA,"60555431",NA,0,"MSU campus trees project student observer, pre 2026"
-7787,NA,NA,"60571119",NA,0,"MSU campus trees project student observer, pre 2026"
-7788,NA,NA,"60574759",NA,0,"MSU campus trees project student observer, pre 2026"
-7789,NA,NA,"60623404",NA,0,"MSU campus trees project student observer, pre 2026"
-7790,NA,NA,"60623935",NA,0,"MSU campus trees project student observer, pre 2026"
-7791,NA,NA,"60683574",NA,0,"MSU campus trees project student observer, pre 2026"
-7792,NA,NA,"60738987",NA,0,"MSU campus trees project student observer, pre 2026"
-7793,NA,NA,"60836560",NA,0,"MSU campus trees project student observer, pre 2026"
-7794,NA,NA,"60928737",NA,0,"MSU campus trees project student observer, pre 2026"
-7795,NA,NA,"60938244",NA,0,"MSU campus trees project student observer, pre 2026"
-7796,NA,NA,"60967948",NA,0,"MSU campus trees project student observer, pre 2026"
-7797,NA,NA,"60998328",NA,0,"MSU campus trees project student observer, pre 2026"
-7798,NA,NA,"61006863",NA,0,"MSU campus trees project student observer, pre 2026"
-7799,NA,NA,"61050609",NA,0,"MSU campus trees project student observer, pre 2026"
-7800,NA,NA,"61053757",NA,0,"MSU campus trees project student observer, pre 2026"
-7801,NA,NA,"61098249",NA,0,"MSU campus trees project student observer, pre 2026"
-7802,NA,NA,"61119379",NA,0,"MSU campus trees project student observer, pre 2026"
-7803,NA,NA,"61136346",NA,0,"MSU campus trees project student observer, pre 2026"
-7804,NA,NA,"61141820",NA,0,"MSU campus trees project student observer, pre 2026"
-7805,NA,NA,"61172606",NA,0,"MSU campus trees project student observer, pre 2026"
-7806,NA,NA,"61178057",NA,0,"MSU campus trees project student observer, pre 2026"
-7807,NA,NA,"61195631",NA,0,"MSU campus trees project student observer, pre 2026"
-7808,NA,NA,"61229775",NA,0,"MSU campus trees project student observer, pre 2026"
-7809,NA,NA,"61347738",NA,0,"MSU campus trees project student observer, pre 2026"
-7810,NA,NA,"61393449",NA,0,"MSU campus trees project student observer, pre 2026"
-7811,NA,NA,"61425949",NA,0,"MSU campus trees project student observer, pre 2026"
-7812,NA,NA,"61435036",NA,0,"MSU campus trees project student observer, pre 2026"
-7813,NA,NA,"61467161",NA,0,"MSU campus trees project student observer, pre 2026"
-7814,NA,NA,"61497799",NA,0,"MSU campus trees project student observer, pre 2026"
-7815,NA,NA,"61524845",NA,0,"MSU campus trees project student observer, pre 2026"
-7816,NA,NA,"61546585",NA,0,"MSU campus trees project student observer, pre 2026"
-7817,NA,NA,"61595765",NA,0,"MSU campus trees project student observer, pre 2026"
-7818,NA,NA,"61618377",NA,0,"MSU campus trees project student observer, pre 2026"
-7819,NA,NA,"61625711",NA,0,"MSU campus trees project student observer, pre 2026"
-7820,NA,NA,"61626531",NA,0,"MSU campus trees project student observer, pre 2026"
-7821,NA,NA,"61627670",NA,0,"MSU campus trees project student observer, pre 2026"
-7822,NA,NA,"61629296",NA,0,"MSU campus trees project student observer, pre 2026"
-7823,NA,NA,"61635164",NA,0,"MSU campus trees project student observer, pre 2026"
-7824,NA,NA,"61655142",NA,0,"MSU campus trees project student observer, pre 2026"
-7825,NA,NA,"61688646",NA,0,"MSU campus trees project student observer, pre 2026"
-7826,NA,NA,"61762589",NA,0,"MSU campus trees project student observer, pre 2026"
-7827,NA,NA,"61763432",NA,0,"MSU campus trees project student observer, pre 2026"
-7828,NA,NA,"61777487",NA,0,"MSU campus trees project student observer, pre 2026"
-7829,NA,NA,"61813173",NA,0,"MSU campus trees project student observer, pre 2026"
-7830,NA,NA,"62041773",NA,0,"MSU campus trees project student observer, pre 2026"
-7831,NA,NA,"62046902",NA,0,"MSU campus trees project student observer, pre 2026"
-7832,NA,NA,"62067943",NA,0,"MSU campus trees project student observer, pre 2026"
-7833,NA,NA,"62176150",NA,0,"MSU campus trees project student observer, pre 2026"
-7834,NA,NA,"62177226",NA,0,"MSU campus trees project student observer, pre 2026"
-7835,NA,NA,"62344935",NA,0,"MSU campus trees project student observer, pre 2026"
-7836,NA,NA,"62383761",NA,0,"MSU campus trees project student observer, pre 2026"
-7837,NA,NA,"62403421",NA,0,"MSU campus trees project student observer, pre 2026"
-7838,NA,NA,"62423520",NA,0,"MSU campus trees project student observer, pre 2026"
-7839,NA,NA,"62429911",NA,0,"MSU campus trees project student observer, pre 2026"
-7840,NA,NA,"62430832",NA,0,"MSU campus trees project student observer, pre 2026"
-7841,NA,NA,"62533870",NA,0,"MSU campus trees project student observer, pre 2026"
-7842,NA,NA,"62545400",NA,0,"MSU campus trees project student observer, pre 2026"
-7843,NA,NA,"62569020",NA,0,"MSU campus trees project student observer, pre 2026"
-7844,NA,NA,"62569538",NA,0,"MSU campus trees project student observer, pre 2026"
-7845,NA,NA,"62590287",NA,0,"MSU campus trees project student observer, pre 2026"
-7846,NA,NA,"62626368",NA,0,"MSU campus trees project student observer, pre 2026"
-7847,NA,NA,"62664866",NA,0,"MSU campus trees project student observer, pre 2026"
-7848,NA,NA,"62720461",NA,0,"MSU campus trees project student observer, pre 2026"
-7849,NA,NA,"62725552",NA,0,"MSU campus trees project student observer, pre 2026"
-7850,NA,NA,"62737067",NA,0,"MSU campus trees project student observer, pre 2026"
-7851,NA,NA,"62741786",NA,0,"MSU campus trees project student observer, pre 2026"
-7852,NA,NA,"62780639",NA,0,"MSU campus trees project student observer, pre 2026"
-7853,NA,NA,"62821572",NA,0,"MSU campus trees project student observer, pre 2026"
-7854,NA,NA,"62824369",NA,0,"MSU campus trees project student observer, pre 2026"
-7855,NA,NA,"62876011",NA,0,"MSU campus trees project student observer, pre 2026"
-7856,NA,NA,"62902682",NA,0,"MSU campus trees project student observer, pre 2026"
-7857,NA,NA,"62930644",NA,0,"MSU campus trees project student observer, pre 2026"
-7858,NA,NA,"62940183",NA,0,"MSU campus trees project student observer, pre 2026"
-7859,NA,NA,"62993702",NA,0,"MSU campus trees project student observer, pre 2026"
-7860,NA,NA,"63001220",NA,0,"MSU campus trees project student observer, pre 2026"
-7861,NA,NA,"63020006",NA,0,"MSU campus trees project student observer, pre 2026"
-7862,NA,NA,"63051756",NA,0,"MSU campus trees project student observer, pre 2026"
-7863,NA,NA,"63055543",NA,0,"MSU campus trees project student observer, pre 2026"
-7864,NA,NA,"63063582",NA,0,"MSU campus trees project student observer, pre 2026"
-7865,NA,NA,"63101015",NA,0,"MSU campus trees project student observer, pre 2026"
-7866,NA,NA,"63151477",NA,0,"MSU campus trees project student observer, pre 2026"
-7867,NA,NA,"63176784",NA,0,"MSU campus trees project student observer, pre 2026"
-7868,NA,NA,"63186504",NA,0,"MSU campus trees project student observer, pre 2026"
-7869,NA,NA,"63219529",NA,0,"MSU campus trees project student observer, pre 2026"
-7870,NA,NA,"63239175",NA,0,"MSU campus trees project student observer, pre 2026"
-7871,NA,NA,"63254935",NA,0,"MSU campus trees project student observer, pre 2026"
-7872,NA,NA,"63263852",NA,0,"MSU campus trees project student observer, pre 2026"
-7873,NA,NA,"63264204",NA,0,"MSU campus trees project student observer, pre 2026"
-7874,NA,NA,"63291074",NA,0,"MSU campus trees project student observer, pre 2026"
-7875,NA,NA,"63308725",NA,0,"MSU campus trees project student observer, pre 2026"
-7876,NA,NA,"63310460",NA,0,"MSU campus trees project student observer, pre 2026"
-7877,NA,NA,"63346280",NA,0,"MSU campus trees project student observer, pre 2026"
-7878,NA,NA,"63376727",NA,0,"MSU campus trees project student observer, pre 2026"
-7879,NA,NA,"63409154",NA,0,"MSU campus trees project student observer, pre 2026"
-7880,NA,NA,"63411657",NA,0,"MSU campus trees project student observer, pre 2026"
-7881,NA,NA,"63418427",NA,0,"MSU campus trees project student observer, pre 2026"
-7882,NA,NA,"63450711",NA,0,"MSU campus trees project student observer, pre 2026"
-7883,NA,NA,"63451243",NA,0,"MSU campus trees project student observer, pre 2026"
-7884,NA,NA,"63457878",NA,0,"MSU campus trees project student observer, pre 2026"
-7885,NA,NA,"63491930",NA,0,"MSU campus trees project student observer, pre 2026"
-7886,NA,NA,"63495821",NA,0,"MSU campus trees project student observer, pre 2026"
-7887,NA,NA,"63511517",NA,0,"MSU campus trees project student observer, pre 2026"
-7888,NA,NA,"63523492",NA,0,"MSU campus trees project student observer, pre 2026"
-7889,NA,NA,"63531105",NA,0,"MSU campus trees project student observer, pre 2026"
-7890,NA,NA,"63540132",NA,0,"MSU campus trees project student observer, pre 2026"
-7891,NA,NA,"63595377",NA,0,"MSU campus trees project student observer, pre 2026"
-7892,NA,NA,"63606814",NA,0,"MSU campus trees project student observer, pre 2026"
-7893,NA,NA,"63623597",NA,0,"MSU campus trees project student observer, pre 2026"
-7894,NA,NA,"63634659",NA,0,"MSU campus trees project student observer, pre 2026"
-7895,NA,NA,"63643946",NA,0,"MSU campus trees project student observer, pre 2026"
-7896,NA,NA,"63665630",NA,0,"MSU campus trees project student observer, pre 2026"
-7897,NA,NA,"63704321",NA,0,"MSU campus trees project student observer, pre 2026"
-7898,NA,NA,"63756135",NA,0,"MSU campus trees project student observer, pre 2026"
-7899,NA,NA,"63837199",NA,0,"MSU campus trees project student observer, pre 2026"
-7900,NA,NA,"63846579",NA,0,"MSU campus trees project student observer, pre 2026"
-7901,NA,NA,"63869756",NA,0,"MSU campus trees project student observer, pre 2026"
-7902,NA,NA,"63910285",NA,0,"MSU campus trees project student observer, pre 2026"
-7903,NA,NA,"63938711",NA,0,"MSU campus trees project student observer, pre 2026"
-7904,NA,NA,"63967362",NA,0,"MSU campus trees project student observer, pre 2026"
-7905,NA,NA,"63980319",NA,0,"MSU campus trees project student observer, pre 2026"
-7906,NA,NA,"64021220",NA,0,"MSU campus trees project student observer, pre 2026"
-7907,NA,NA,"64027356",NA,0,"MSU campus trees project student observer, pre 2026"
-7908,NA,NA,"64030557",NA,0,"MSU campus trees project student observer, pre 2026"
-7909,NA,NA,"64049247",NA,0,"MSU campus trees project student observer, pre 2026"
-7910,NA,NA,"64121677",NA,0,"MSU campus trees project student observer, pre 2026"
-7911,NA,NA,"64167633",NA,0,"MSU campus trees project student observer, pre 2026"
-7912,NA,NA,"64194069",NA,0,"MSU campus trees project student observer, pre 2026"
-7913,NA,NA,"64214385",NA,0,"MSU campus trees project student observer, pre 2026"
-7914,NA,NA,"64220383",NA,0,"MSU campus trees project student observer, pre 2026"
-7915,NA,NA,"64248829",NA,0,"MSU campus trees project student observer, pre 2026"
-7916,NA,NA,"64251676",NA,0,"MSU campus trees project student observer, pre 2026"
-7917,NA,NA,"64281690",NA,0,"MSU campus trees project student observer, pre 2026"
-7918,NA,NA,"64282751",NA,0,"MSU campus trees project student observer, pre 2026"
-7919,NA,NA,"64324604",NA,0,"MSU campus trees project student observer, pre 2026"
-7920,NA,NA,"64390875",NA,0,"MSU campus trees project student observer, pre 2026"
-7921,NA,NA,"64414051",NA,0,"MSU campus trees project student observer, pre 2026"
-7922,NA,NA,"64416460",NA,0,"MSU campus trees project student observer, pre 2026"
-7923,NA,NA,"64428869",NA,0,"MSU campus trees project student observer, pre 2026"
-7924,NA,NA,"64447037",NA,0,"MSU campus trees project student observer, pre 2026"
-7925,NA,NA,"64478333",NA,0,"MSU campus trees project student observer, pre 2026"
-7926,NA,NA,"64496923",NA,0,"MSU campus trees project student observer, pre 2026"
-7927,NA,NA,"64618043",NA,0,"MSU campus trees project student observer, pre 2026"
-7928,NA,NA,"64635362",NA,0,"MSU campus trees project student observer, pre 2026"
-7929,NA,NA,"64669794",NA,0,"MSU campus trees project student observer, pre 2026"
-7930,NA,NA,"64689239",NA,0,"MSU campus trees project student observer, pre 2026"
-7931,NA,NA,"64800665",NA,0,"MSU campus trees project student observer, pre 2026"
-7932,NA,NA,"64878765",NA,0,"MSU campus trees project student observer, pre 2026"
-7933,NA,NA,"64892746",NA,0,"MSU campus trees project student observer, pre 2026"
-7934,NA,NA,"64909732",NA,0,"MSU campus trees project student observer, pre 2026"
-7935,NA,NA,"64921334",NA,0,"MSU campus trees project student observer, pre 2026"
-7936,NA,NA,"64965740",NA,0,"MSU campus trees project student observer, pre 2026"
-7937,NA,NA,"64999453",NA,0,"MSU campus trees project student observer, pre 2026"
-7938,NA,NA,"65060913",NA,0,"MSU campus trees project student observer, pre 2026"
-7939,NA,NA,"65065249",NA,0,"MSU campus trees project student observer, pre 2026"
-7940,NA,NA,"65094821",NA,0,"MSU campus trees project student observer, pre 2026"
-7941,NA,NA,"65179231",NA,0,"MSU campus trees project student observer, pre 2026"
-7942,NA,NA,"65198361",NA,0,"MSU campus trees project student observer, pre 2026"
-7943,NA,NA,"65212713",NA,0,"MSU campus trees project student observer, pre 2026"
-7944,NA,NA,"65227816",NA,0,"MSU campus trees project student observer, pre 2026"
-7945,NA,NA,"65262179",NA,0,"MSU campus trees project student observer, pre 2026"
-7946,NA,NA,"65280009",NA,0,"MSU campus trees project student observer, pre 2026"
-7947,NA,NA,"65334760",NA,0,"MSU campus trees project student observer, pre 2026"
-7948,NA,NA,"65383742",NA,0,"MSU campus trees project student observer, pre 2026"
-7949,NA,NA,"65391031",NA,0,"MSU campus trees project student observer, pre 2026"
-7950,NA,NA,"65433301",NA,0,"MSU campus trees project student observer, pre 2026"
-7951,NA,NA,"65453443",NA,0,"MSU campus trees project student observer, pre 2026"
-7952,NA,NA,"65461251",NA,0,"MSU campus trees project student observer, pre 2026"
-7953,NA,NA,"65569013",NA,0,"MSU campus trees project student observer, pre 2026"
-7954,NA,NA,"65587694",NA,0,"MSU campus trees project student observer, pre 2026"
-7955,NA,NA,"65613112",NA,0,"MSU campus trees project student observer, pre 2026"
-7956,NA,NA,"65669061",NA,0,"MSU campus trees project student observer, pre 2026"
-7957,NA,NA,"65673966",NA,0,"MSU campus trees project student observer, pre 2026"
-7958,NA,NA,"65685344",NA,0,"MSU campus trees project student observer, pre 2026"
-7959,NA,NA,"65686055",NA,0,"MSU campus trees project student observer, pre 2026"
-7960,NA,NA,"65714849",NA,0,"MSU campus trees project student observer, pre 2026"
-7961,NA,NA,"65730720",NA,0,"MSU campus trees project student observer, pre 2026"
-7962,NA,NA,"65730884",NA,0,"MSU campus trees project student observer, pre 2026"
-7963,NA,NA,"65777810",NA,0,"MSU campus trees project student observer, pre 2026"
-7964,NA,NA,"65796963",NA,0,"MSU campus trees project student observer, pre 2026"
-7965,NA,NA,"65842318",NA,0,"MSU campus trees project student observer, pre 2026"
-7966,NA,NA,"65863728",NA,0,"MSU campus trees project student observer, pre 2026"
-7967,NA,NA,"65897504",NA,0,"MSU campus trees project student observer, pre 2026"
-7968,NA,NA,"65899137",NA,0,"MSU campus trees project student observer, pre 2026"
-7969,NA,NA,"65901359",NA,0,"MSU campus trees project student observer, pre 2026"
-7970,NA,NA,"65902471",NA,0,"MSU campus trees project student observer, pre 2026"
-7971,NA,NA,"66005723",NA,0,"MSU campus trees project student observer, pre 2026"
-7972,NA,NA,"66054979",NA,0,"MSU campus trees project student observer, pre 2026"
-7973,NA,NA,"66090113",NA,0,"MSU campus trees project student observer, pre 2026"
-7974,NA,NA,"66137857",NA,0,"MSU campus trees project student observer, pre 2026"
-7975,NA,NA,"66139598",NA,0,"MSU campus trees project student observer, pre 2026"
-7976,NA,NA,"66147521",NA,0,"MSU campus trees project student observer, pre 2026"
-7977,NA,NA,"66165756",NA,0,"MSU campus trees project student observer, pre 2026"
-7978,NA,NA,"66190379",NA,0,"MSU campus trees project student observer, pre 2026"
-7979,NA,NA,"66219949",NA,0,"MSU campus trees project student observer, pre 2026"
-7980,NA,NA,"66267287",NA,0,"MSU campus trees project student observer, pre 2026"
-7981,NA,NA,"66275101",NA,0,"MSU campus trees project student observer, pre 2026"
-7982,NA,NA,"66293522",NA,0,"MSU campus trees project student observer, pre 2026"
-7983,NA,NA,"66296148",NA,0,"MSU campus trees project student observer, pre 2026"
-7984,NA,NA,"66343603",NA,0,"MSU campus trees project student observer, pre 2026"
-7985,NA,NA,"66354125",NA,0,"MSU campus trees project student observer, pre 2026"
-7986,NA,NA,"66361517",NA,0,"MSU campus trees project student observer, pre 2026"
-7987,NA,NA,"66428523",NA,0,"MSU campus trees project student observer, pre 2026"
-7988,NA,NA,"66496262",NA,0,"MSU campus trees project student observer, pre 2026"
-7989,NA,NA,"66509149",NA,0,"MSU campus trees project student observer, pre 2026"
-7990,NA,NA,"66525617",NA,0,"MSU campus trees project student observer, pre 2026"
-7991,NA,NA,"66561685",NA,0,"MSU campus trees project student observer, pre 2026"
-7992,NA,NA,"66574046",NA,0,"MSU campus trees project student observer, pre 2026"
-7993,NA,NA,"66582766",NA,0,"MSU campus trees project student observer, pre 2026"
-7994,NA,NA,"66593274",NA,0,"MSU campus trees project student observer, pre 2026"
-7995,NA,NA,"66619583",NA,0,"MSU campus trees project student observer, pre 2026"
-7996,NA,NA,"66633665",NA,0,"MSU campus trees project student observer, pre 2026"
-7997,NA,NA,"66718054",NA,0,"MSU campus trees project student observer, pre 2026"
-7998,NA,NA,"66733162",NA,0,"MSU campus trees project student observer, pre 2026"
-7999,NA,NA,"66757866",NA,0,"MSU campus trees project student observer, pre 2026"
-8000,NA,NA,"66763767",NA,0,"MSU campus trees project student observer, pre 2026"
-8001,NA,NA,"66772586",NA,0,"MSU campus trees project student observer, pre 2026"
-8002,NA,NA,"66835197",NA,0,"MSU campus trees project student observer, pre 2026"
-8003,NA,NA,"66858003",NA,0,"MSU campus trees project student observer, pre 2026"
-8004,NA,NA,"66933178",NA,0,"MSU campus trees project student observer, pre 2026"
-8005,NA,NA,"66989648",NA,0,"MSU campus trees project student observer, pre 2026"
-8006,NA,NA,"67067283",NA,0,"MSU campus trees project student observer, pre 2026"
-8007,NA,NA,"67082314",NA,0,"MSU campus trees project student observer, pre 2026"
-8008,NA,NA,"67092912",NA,0,"MSU campus trees project student observer, pre 2026"
-8009,NA,NA,"67110721",NA,0,"MSU campus trees project student observer, pre 2026"
-8010,NA,NA,"67124760",NA,0,"MSU campus trees project student observer, pre 2026"
-8011,NA,NA,"67143577",NA,0,"MSU campus trees project student observer, pre 2026"
-8012,NA,NA,"67156924",NA,0,"MSU campus trees project student observer, pre 2026"
-8013,NA,NA,"67223205",NA,0,"MSU campus trees project student observer, pre 2026"
-8014,NA,NA,"67226443",NA,0,"MSU campus trees project student observer, pre 2026"
-8015,NA,NA,"67262525",NA,0,"MSU campus trees project student observer, pre 2026"
-8016,NA,NA,"67281021",NA,0,"MSU campus trees project student observer, pre 2026"
-8017,NA,NA,"67293364",NA,0,"MSU campus trees project student observer, pre 2026"
-8018,NA,NA,"67383307",NA,0,"MSU campus trees project student observer, pre 2026"
-8019,NA,NA,"67414304",NA,0,"MSU campus trees project student observer, pre 2026"
-8020,NA,NA,"67418003",NA,0,"MSU campus trees project student observer, pre 2026"
-8021,NA,NA,"67420805",NA,0,"MSU campus trees project student observer, pre 2026"
-8022,NA,NA,"67436909",NA,0,"MSU campus trees project student observer, pre 2026"
-8023,NA,NA,"67442019",NA,0,"MSU campus trees project student observer, pre 2026"
-8024,NA,NA,"67442761",NA,0,"MSU campus trees project student observer, pre 2026"
-8025,NA,NA,"67462295",NA,0,"MSU campus trees project student observer, pre 2026"
-8026,NA,NA,"67469268",NA,0,"MSU campus trees project student observer, pre 2026"
-8027,NA,NA,"67475826",NA,0,"MSU campus trees project student observer, pre 2026"
-8028,NA,NA,"67479625",NA,0,"MSU campus trees project student observer, pre 2026"
-8029,NA,NA,"67493083",NA,0,"MSU campus trees project student observer, pre 2026"
-8030,NA,NA,"67510123",NA,0,"MSU campus trees project student observer, pre 2026"
-8031,NA,NA,"67545341",NA,0,"MSU campus trees project student observer, pre 2026"
-8032,NA,NA,"67546707",NA,0,"MSU campus trees project student observer, pre 2026"
-8033,NA,NA,"67558434",NA,0,"MSU campus trees project student observer, pre 2026"
-8034,NA,NA,"67561108",NA,0,"MSU campus trees project student observer, pre 2026"
-8035,NA,NA,"67611036",NA,0,"MSU campus trees project student observer, pre 2026"
-8036,NA,NA,"67616739",NA,0,"MSU campus trees project student observer, pre 2026"
-8037,NA,NA,"67644160",NA,0,"MSU campus trees project student observer, pre 2026"
-8038,NA,NA,"67681389",NA,0,"MSU campus trees project student observer, pre 2026"
-8039,NA,NA,"67728720",NA,0,"MSU campus trees project student observer, pre 2026"
-8040,NA,NA,"67740171",NA,0,"MSU campus trees project student observer, pre 2026"
-8041,NA,NA,"67763458",NA,0,"MSU campus trees project student observer, pre 2026"
-8042,NA,NA,"67842549",NA,0,"MSU campus trees project student observer, pre 2026"
-8043,NA,NA,"67874806",NA,0,"MSU campus trees project student observer, pre 2026"
-8044,NA,NA,"67876370",NA,0,"MSU campus trees project student observer, pre 2026"
-8045,NA,NA,"67878857",NA,0,"MSU campus trees project student observer, pre 2026"
-8046,NA,NA,"67919668",NA,0,"MSU campus trees project student observer, pre 2026"
-8047,NA,NA,"67919701",NA,0,"MSU campus trees project student observer, pre 2026"
-8048,NA,NA,"67929221",NA,0,"MSU campus trees project student observer, pre 2026"
-8049,NA,NA,"67976836",NA,0,"MSU campus trees project student observer, pre 2026"
-8050,NA,NA,"68012705",NA,0,"MSU campus trees project student observer, pre 2026"
-8051,NA,NA,"68033741",NA,0,"MSU campus trees project student observer, pre 2026"
-8052,NA,NA,"68055939",NA,0,"MSU campus trees project student observer, pre 2026"
-8053,NA,NA,"68108420",NA,0,"MSU campus trees project student observer, pre 2026"
-8054,NA,NA,"68108628",NA,0,"MSU campus trees project student observer, pre 2026"
-8055,NA,NA,"68115781",NA,0,"MSU campus trees project student observer, pre 2026"
-8056,NA,NA,"68174102",NA,0,"MSU campus trees project student observer, pre 2026"
-8057,NA,NA,"68187336",NA,0,"MSU campus trees project student observer, pre 2026"
-8058,NA,NA,"68203110",NA,0,"MSU campus trees project student observer, pre 2026"
-8059,NA,NA,"68227637",NA,0,"MSU campus trees project student observer, pre 2026"
-8060,NA,NA,"68297500",NA,0,"MSU campus trees project student observer, pre 2026"
-8061,NA,NA,"68301741",NA,0,"MSU campus trees project student observer, pre 2026"
-8062,NA,NA,"68346163",NA,0,"MSU campus trees project student observer, pre 2026"
-8063,NA,NA,"68357360",NA,0,"MSU campus trees project student observer, pre 2026"
-8064,NA,NA,"68364204",NA,0,"MSU campus trees project student observer, pre 2026"
-8065,NA,NA,"68419362",NA,0,"MSU campus trees project student observer, pre 2026"
-8066,NA,NA,"68440235",NA,0,"MSU campus trees project student observer, pre 2026"
-8067,NA,NA,"68517916",NA,0,"MSU campus trees project student observer, pre 2026"
-8068,NA,NA,"68550116",NA,0,"MSU campus trees project student observer, pre 2026"
-8069,NA,NA,"68550345",NA,0,"MSU campus trees project student observer, pre 2026"
-8070,NA,NA,"68560110",NA,0,"MSU campus trees project student observer, pre 2026"
-8071,NA,NA,"68591996",NA,0,"MSU campus trees project student observer, pre 2026"
-8072,NA,NA,"68650876",NA,0,"MSU campus trees project student observer, pre 2026"
-8073,NA,NA,"68666457",NA,0,"MSU campus trees project student observer, pre 2026"
-8074,NA,NA,"68675536",NA,0,"MSU campus trees project student observer, pre 2026"
-8075,NA,NA,"68705856",NA,0,"MSU campus trees project student observer, pre 2026"
-8076,NA,NA,"68724997",NA,0,"MSU campus trees project student observer, pre 2026"
-8077,NA,NA,"68731096",NA,0,"MSU campus trees project student observer, pre 2026"
-8078,NA,NA,"68839866",NA,0,"MSU campus trees project student observer, pre 2026"
-8079,NA,NA,"68862512",NA,0,"MSU campus trees project student observer, pre 2026"
-8080,NA,NA,"68891079",NA,0,"MSU campus trees project student observer, pre 2026"
-8081,NA,NA,"68907791",NA,0,"MSU campus trees project student observer, pre 2026"
-8082,NA,NA,"68911042",NA,0,"MSU campus trees project student observer, pre 2026"
-8083,NA,NA,"68942214",NA,0,"MSU campus trees project student observer, pre 2026"
-8084,NA,NA,"68971247",NA,0,"MSU campus trees project student observer, pre 2026"
-8085,NA,NA,"68981045",NA,0,"MSU campus trees project student observer, pre 2026"
-8086,NA,NA,"69033362",NA,0,"MSU campus trees project student observer, pre 2026"
-8087,NA,NA,"69054198",NA,0,"MSU campus trees project student observer, pre 2026"
-8088,NA,NA,"69091984",NA,0,"MSU campus trees project student observer, pre 2026"
-8089,NA,NA,"69104677",NA,0,"MSU campus trees project student observer, pre 2026"
-8090,NA,NA,"69264945",NA,0,"MSU campus trees project student observer, pre 2026"
-8091,NA,NA,"69323628",NA,0,"MSU campus trees project student observer, pre 2026"
-8092,NA,NA,"69330486",NA,0,"MSU campus trees project student observer, pre 2026"
-8093,NA,NA,"69335527",NA,0,"MSU campus trees project student observer, pre 2026"
-8094,NA,NA,"69382877",NA,0,"MSU campus trees project student observer, pre 2026"
-8095,NA,NA,"69406840",NA,0,"MSU campus trees project student observer, pre 2026"
-8096,NA,NA,"69450464",NA,0,"MSU campus trees project student observer, pre 2026"
-8097,NA,NA,"69535967",NA,0,"MSU campus trees project student observer, pre 2026"
-8098,NA,NA,"69543185",NA,0,"MSU campus trees project student observer, pre 2026"
-8099,NA,NA,"69594133",NA,0,"MSU campus trees project student observer, pre 2026"
-8100,NA,NA,"69624996",NA,0,"MSU campus trees project student observer, pre 2026"
-8101,NA,NA,"69646473",NA,0,"MSU campus trees project student observer, pre 2026"
-8102,NA,NA,"69710071",NA,0,"MSU campus trees project student observer, pre 2026"
-8103,NA,NA,"69710611",NA,0,"MSU campus trees project student observer, pre 2026"
-8104,NA,NA,"69764010",NA,0,"MSU campus trees project student observer, pre 2026"
-8105,NA,NA,"69773282",NA,0,"MSU campus trees project student observer, pre 2026"
-8106,NA,NA,"69816143",NA,0,"MSU campus trees project student observer, pre 2026"
-8107,NA,NA,"69824959",NA,0,"MSU campus trees project student observer, pre 2026"
-8108,NA,NA,"69844510",NA,0,"MSU campus trees project student observer, pre 2026"
-8109,NA,NA,"69845438",NA,0,"MSU campus trees project student observer, pre 2026"
-8110,NA,NA,"69850352",NA,0,"MSU campus trees project student observer, pre 2026"
-8111,NA,NA,"69852781",NA,0,"MSU campus trees project student observer, pre 2026"
-8112,NA,NA,"69878530",NA,0,"MSU campus trees project student observer, pre 2026"
-8113,NA,NA,"69889485",NA,0,"MSU campus trees project student observer, pre 2026"
-8114,NA,NA,"69913492",NA,0,"MSU campus trees project student observer, pre 2026"
-8115,NA,NA,"69972001",NA,0,"MSU campus trees project student observer, pre 2026"
-8116,NA,NA,"70016012",NA,0,"MSU campus trees project student observer, pre 2026"
-8117,NA,NA,"70046692",NA,0,"MSU campus trees project student observer, pre 2026"
-8118,NA,NA,"70053399",NA,0,"MSU campus trees project student observer, pre 2026"
-8119,NA,NA,"70064717",NA,0,"MSU campus trees project student observer, pre 2026"
-8120,NA,NA,"70080016",NA,0,"MSU campus trees project student observer, pre 2026"
-8121,NA,NA,"70114613",NA,0,"MSU campus trees project student observer, pre 2026"
-8122,NA,NA,"70206900",NA,0,"MSU campus trees project student observer, pre 2026"
-8123,NA,NA,"70238626",NA,0,"MSU campus trees project student observer, pre 2026"
-8124,NA,NA,"70346006",NA,0,"MSU campus trees project student observer, pre 2026"
-8125,NA,NA,"70349510",NA,0,"MSU campus trees project student observer, pre 2026"
-8126,NA,NA,"70363590",NA,0,"MSU campus trees project student observer, pre 2026"
-8127,NA,NA,"70404462",NA,0,"MSU campus trees project student observer, pre 2026"
-8128,NA,NA,"70446423",NA,0,"MSU campus trees project student observer, pre 2026"
-8129,NA,NA,"70482055",NA,0,"MSU campus trees project student observer, pre 2026"
-8130,NA,NA,"70496518",NA,0,"MSU campus trees project student observer, pre 2026"
-8131,NA,NA,"70574000",NA,0,"MSU campus trees project student observer, pre 2026"
-8132,NA,NA,"70592240",NA,0,"MSU campus trees project student observer, pre 2026"
-8133,NA,NA,"70626549",NA,0,"MSU campus trees project student observer, pre 2026"
-8134,NA,NA,"70632326",NA,0,"MSU campus trees project student observer, pre 2026"
-8135,NA,NA,"70664732",NA,0,"MSU campus trees project student observer, pre 2026"
-8136,NA,NA,"70679199",NA,0,"MSU campus trees project student observer, pre 2026"
-8137,NA,NA,"70722918",NA,0,"MSU campus trees project student observer, pre 2026"
-8138,NA,NA,"70740775",NA,0,"MSU campus trees project student observer, pre 2026"
-8139,NA,NA,"70748576",NA,0,"MSU campus trees project student observer, pre 2026"
-8140,NA,NA,"70780699",NA,0,"MSU campus trees project student observer, pre 2026"
-8141,NA,NA,"70826370",NA,0,"MSU campus trees project student observer, pre 2026"
-8142,NA,NA,"70842313",NA,0,"MSU campus trees project student observer, pre 2026"
-8143,NA,NA,"70870242",NA,0,"MSU campus trees project student observer, pre 2026"
-8144,NA,NA,"70872553",NA,0,"MSU campus trees project student observer, pre 2026"
-8145,NA,NA,"70909147",NA,0,"MSU campus trees project student observer, pre 2026"
-8146,NA,NA,"70939437",NA,0,"MSU campus trees project student observer, pre 2026"
-8147,NA,NA,"70940564",NA,0,"MSU campus trees project student observer, pre 2026"
-8148,NA,NA,"70946825",NA,0,"MSU campus trees project student observer, pre 2026"
-8149,NA,NA,"70965574",NA,0,"MSU campus trees project student observer, pre 2026"
-8150,NA,NA,"71006417",NA,0,"MSU campus trees project student observer, pre 2026"
-8151,NA,NA,"71006932",NA,0,"MSU campus trees project student observer, pre 2026"
-8152,NA,NA,"71027209",NA,0,"MSU campus trees project student observer, pre 2026"
-8153,NA,NA,"71051844",NA,0,"MSU campus trees project student observer, pre 2026"
-8154,NA,NA,"71052506",NA,0,"MSU campus trees project student observer, pre 2026"
-8155,NA,NA,"71063136",NA,0,"MSU campus trees project student observer, pre 2026"
-8156,NA,NA,"71080008",NA,0,"MSU campus trees project student observer, pre 2026"
-8157,NA,NA,"71082720",NA,0,"MSU campus trees project student observer, pre 2026"
-8158,NA,NA,"71175414",NA,0,"MSU campus trees project student observer, pre 2026"
-8159,NA,NA,"71216957",NA,0,"MSU campus trees project student observer, pre 2026"
-8160,NA,NA,"71235447",NA,0,"MSU campus trees project student observer, pre 2026"
-8161,NA,NA,"71305373",NA,0,"MSU campus trees project student observer, pre 2026"
-8162,NA,NA,"71351533",NA,0,"MSU campus trees project student observer, pre 2026"
-8163,NA,NA,"71361629",NA,0,"MSU campus trees project student observer, pre 2026"
-8164,NA,NA,"71366214",NA,0,"MSU campus trees project student observer, pre 2026"
-8165,NA,NA,"71395690",NA,0,"MSU campus trees project student observer, pre 2026"
-8166,NA,NA,"71408395",NA,0,"MSU campus trees project student observer, pre 2026"
-8167,NA,NA,"71417174",NA,0,"MSU campus trees project student observer, pre 2026"
-8168,NA,NA,"71422728",NA,0,"MSU campus trees project student observer, pre 2026"
-8169,NA,NA,"71429280",NA,0,"MSU campus trees project student observer, pre 2026"
-8170,NA,NA,"71507051",NA,0,"MSU campus trees project student observer, pre 2026"
-8171,NA,NA,"71524692",NA,0,"MSU campus trees project student observer, pre 2026"
-8172,NA,NA,"71526942",NA,0,"MSU campus trees project student observer, pre 2026"
-8173,NA,NA,"71547329",NA,0,"MSU campus trees project student observer, pre 2026"
-8174,NA,NA,"71552106",NA,0,"MSU campus trees project student observer, pre 2026"
-8175,NA,NA,"71555922",NA,0,"MSU campus trees project student observer, pre 2026"
-8176,NA,NA,"71562661",NA,0,"MSU campus trees project student observer, pre 2026"
-8177,NA,NA,"71571931",NA,0,"MSU campus trees project student observer, pre 2026"
-8178,NA,NA,"71575994",NA,0,"MSU campus trees project student observer, pre 2026"
-8179,NA,NA,"71599237",NA,0,"MSU campus trees project student observer, pre 2026"
-8180,NA,NA,"71654946",NA,0,"MSU campus trees project student observer, pre 2026"
-8181,NA,NA,"71665397",NA,0,"MSU campus trees project student observer, pre 2026"
-8182,NA,NA,"71670720",NA,0,"MSU campus trees project student observer, pre 2026"
-8183,NA,NA,"71672067",NA,0,"MSU campus trees project student observer, pre 2026"
-8184,NA,NA,"71689758",NA,0,"MSU campus trees project student observer, pre 2026"
-8185,NA,NA,"71693439",NA,0,"MSU campus trees project student observer, pre 2026"
-8186,NA,NA,"71705256",NA,0,"MSU campus trees project student observer, pre 2026"
-8187,NA,NA,"71770609",NA,0,"MSU campus trees project student observer, pre 2026"
-8188,NA,NA,"71771606",NA,0,"MSU campus trees project student observer, pre 2026"
-8189,NA,NA,"71882871",NA,0,"MSU campus trees project student observer, pre 2026"
-8190,NA,NA,"71906339",NA,0,"MSU campus trees project student observer, pre 2026"
-8191,NA,NA,"71946846",NA,0,"MSU campus trees project student observer, pre 2026"
-8192,NA,NA,"71946896",NA,0,"MSU campus trees project student observer, pre 2026"
-8193,NA,NA,"71969925",NA,0,"MSU campus trees project student observer, pre 2026"
-8194,NA,NA,"71970827",NA,0,"MSU campus trees project student observer, pre 2026"
-8195,NA,NA,"71972583",NA,0,"MSU campus trees project student observer, pre 2026"
-8196,NA,NA,"72006401",NA,0,"MSU campus trees project student observer, pre 2026"
-8197,NA,NA,"72008384",NA,0,"MSU campus trees project student observer, pre 2026"
-8198,NA,NA,"72018443",NA,0,"MSU campus trees project student observer, pre 2026"
-8199,NA,NA,"72040338",NA,0,"MSU campus trees project student observer, pre 2026"
-8200,NA,NA,"72054599",NA,0,"MSU campus trees project student observer, pre 2026"
-8201,NA,NA,"72072738",NA,0,"MSU campus trees project student observer, pre 2026"
-8202,NA,NA,"72098410",NA,0,"MSU campus trees project student observer, pre 2026"
-8203,NA,NA,"72107116",NA,0,"MSU campus trees project student observer, pre 2026"
-8204,NA,NA,"72134696",NA,0,"MSU campus trees project student observer, pre 2026"
-8205,NA,NA,"72181741",NA,0,"MSU campus trees project student observer, pre 2026"
-8206,NA,NA,"72189922",NA,0,"MSU campus trees project student observer, pre 2026"
-8207,NA,NA,"72201179",NA,0,"MSU campus trees project student observer, pre 2026"
-8208,NA,NA,"72223700",NA,0,"MSU campus trees project student observer, pre 2026"
-8209,NA,NA,"72265472",NA,0,"MSU campus trees project student observer, pre 2026"
-8210,NA,NA,"72347543",NA,0,"MSU campus trees project student observer, pre 2026"
-8211,NA,NA,"72377137",NA,0,"MSU campus trees project student observer, pre 2026"
-8212,NA,NA,"72379695",NA,0,"MSU campus trees project student observer, pre 2026"
-8213,NA,NA,"72424745",NA,0,"MSU campus trees project student observer, pre 2026"
-8214,NA,NA,"72424852",NA,0,"MSU campus trees project student observer, pre 2026"
-8215,NA,NA,"72452028",NA,0,"MSU campus trees project student observer, pre 2026"
-8216,NA,NA,"72454322",NA,0,"MSU campus trees project student observer, pre 2026"
-8217,NA,NA,"72464225",NA,0,"MSU campus trees project student observer, pre 2026"
-8218,NA,NA,"72486137",NA,0,"MSU campus trees project student observer, pre 2026"
-8219,NA,NA,"72520031",NA,0,"MSU campus trees project student observer, pre 2026"
-8220,NA,NA,"72523909",NA,0,"MSU campus trees project student observer, pre 2026"
-8221,NA,NA,"72568194",NA,0,"MSU campus trees project student observer, pre 2026"
-8222,NA,NA,"72579186",NA,0,"MSU campus trees project student observer, pre 2026"
-8223,NA,NA,"72581353",NA,0,"MSU campus trees project student observer, pre 2026"
-8224,NA,NA,"72598469",NA,0,"MSU campus trees project student observer, pre 2026"
-8225,NA,NA,"72611730",NA,0,"MSU campus trees project student observer, pre 2026"
-8226,NA,NA,"72624731",NA,0,"MSU campus trees project student observer, pre 2026"
-8227,NA,NA,"72628577",NA,0,"MSU campus trees project student observer, pre 2026"
-8228,NA,NA,"72636026",NA,0,"MSU campus trees project student observer, pre 2026"
-8229,NA,NA,"72660277",NA,0,"MSU campus trees project student observer, pre 2026"
-8230,NA,NA,"72669405",NA,0,"MSU campus trees project student observer, pre 2026"
-8231,NA,NA,"72678082",NA,0,"MSU campus trees project student observer, pre 2026"
-8232,NA,NA,"72679797",NA,0,"MSU campus trees project student observer, pre 2026"
-8233,NA,NA,"72695473",NA,0,"MSU campus trees project student observer, pre 2026"
-8234,NA,NA,"72698214",NA,0,"MSU campus trees project student observer, pre 2026"
-8235,NA,NA,"72712375",NA,0,"MSU campus trees project student observer, pre 2026"
-8236,NA,NA,"72745924",NA,0,"MSU campus trees project student observer, pre 2026"
-8237,NA,NA,"72814671",NA,0,"MSU campus trees project student observer, pre 2026"
-8238,NA,NA,"72817427",NA,0,"MSU campus trees project student observer, pre 2026"
-8239,NA,NA,"72832572",NA,0,"MSU campus trees project student observer, pre 2026"
-8240,NA,NA,"72847302",NA,0,"MSU campus trees project student observer, pre 2026"
-8241,NA,NA,"72884048",NA,0,"MSU campus trees project student observer, pre 2026"
-8242,NA,NA,"72887113",NA,0,"MSU campus trees project student observer, pre 2026"
-8243,NA,NA,"72908330",NA,0,"MSU campus trees project student observer, pre 2026"
-8244,NA,NA,"73019590",NA,0,"MSU campus trees project student observer, pre 2026"
-8245,NA,NA,"73053749",NA,0,"MSU campus trees project student observer, pre 2026"
-8246,NA,NA,"73125674",NA,0,"MSU campus trees project student observer, pre 2026"
-8247,NA,NA,"73166270",NA,0,"MSU campus trees project student observer, pre 2026"
-8248,NA,NA,"73195059",NA,0,"MSU campus trees project student observer, pre 2026"
-8249,NA,NA,"73209590",NA,0,"MSU campus trees project student observer, pre 2026"
-8250,NA,NA,"73238707",NA,0,"MSU campus trees project student observer, pre 2026"
-8251,NA,NA,"73254163",NA,0,"MSU campus trees project student observer, pre 2026"
-8252,NA,NA,"73293005",NA,0,"MSU campus trees project student observer, pre 2026"
-8253,NA,NA,"73330209",NA,0,"MSU campus trees project student observer, pre 2026"
-8254,NA,NA,"73333109",NA,0,"MSU campus trees project student observer, pre 2026"
-8255,NA,NA,"73344300",NA,0,"MSU campus trees project student observer, pre 2026"
-8256,NA,NA,"73407335",NA,0,"MSU campus trees project student observer, pre 2026"
-8257,NA,NA,"73420976",NA,0,"MSU campus trees project student observer, pre 2026"
-8258,NA,NA,"73463513",NA,0,"MSU campus trees project student observer, pre 2026"
-8259,NA,NA,"73510712",NA,0,"MSU campus trees project student observer, pre 2026"
-8260,NA,NA,"73516524",NA,0,"MSU campus trees project student observer, pre 2026"
-8261,NA,NA,"73524845",NA,0,"MSU campus trees project student observer, pre 2026"
-8262,NA,NA,"73535126",NA,0,"MSU campus trees project student observer, pre 2026"
-8263,NA,NA,"73583174",NA,0,"MSU campus trees project student observer, pre 2026"
-8264,NA,NA,"73620811",NA,0,"MSU campus trees project student observer, pre 2026"
-8265,NA,NA,"73627702",NA,0,"MSU campus trees project student observer, pre 2026"
-8266,NA,NA,"73657994",NA,0,"MSU campus trees project student observer, pre 2026"
-8267,NA,NA,"73682988",NA,0,"MSU campus trees project student observer, pre 2026"
-8268,NA,NA,"73684238",NA,0,"MSU campus trees project student observer, pre 2026"
-8269,NA,NA,"73685597",NA,0,"MSU campus trees project student observer, pre 2026"
-8270,NA,NA,"73688940",NA,0,"MSU campus trees project student observer, pre 2026"
-8271,NA,NA,"73743699",NA,0,"MSU campus trees project student observer, pre 2026"
-8272,NA,NA,"73744704",NA,0,"MSU campus trees project student observer, pre 2026"
-8273,NA,NA,"73787168",NA,0,"MSU campus trees project student observer, pre 2026"
-8274,NA,NA,"73870528",NA,0,"MSU campus trees project student observer, pre 2026"
-8275,NA,NA,"73905167",NA,0,"MSU campus trees project student observer, pre 2026"
-8276,NA,NA,"73949497",NA,0,"MSU campus trees project student observer, pre 2026"
-8277,NA,NA,"73960794",NA,0,"MSU campus trees project student observer, pre 2026"
-8278,NA,NA,"73963752",NA,0,"MSU campus trees project student observer, pre 2026"
-8279,NA,NA,"73973459",NA,0,"MSU campus trees project student observer, pre 2026"
-8280,NA,NA,"73992970",NA,0,"MSU campus trees project student observer, pre 2026"
-8281,NA,NA,"74042613",NA,0,"MSU campus trees project student observer, pre 2026"
-8282,NA,NA,"74045724",NA,0,"MSU campus trees project student observer, pre 2026"
-8283,NA,NA,"74070140",NA,0,"MSU campus trees project student observer, pre 2026"
-8284,NA,NA,"74091814",NA,0,"MSU campus trees project student observer, pre 2026"
-8285,NA,NA,"74121733",NA,0,"MSU campus trees project student observer, pre 2026"
-8286,NA,NA,"74177304",NA,0,"MSU campus trees project student observer, pre 2026"
-8287,NA,NA,"74188121",NA,0,"MSU campus trees project student observer, pre 2026"
-8288,NA,NA,"74192363",NA,0,"MSU campus trees project student observer, pre 2026"
-8289,NA,NA,"74230207",NA,0,"MSU campus trees project student observer, pre 2026"
-8290,NA,NA,"74266744",NA,0,"MSU campus trees project student observer, pre 2026"
-8291,NA,NA,"74303053",NA,0,"MSU campus trees project student observer, pre 2026"
-8292,NA,NA,"74309347",NA,0,"MSU campus trees project student observer, pre 2026"
-8293,NA,NA,"74313630",NA,0,"MSU campus trees project student observer, pre 2026"
-8294,NA,NA,"74344884",NA,0,"MSU campus trees project student observer, pre 2026"
-8295,NA,NA,"74367295",NA,0,"MSU campus trees project student observer, pre 2026"
-8296,NA,NA,"74370823",NA,0,"MSU campus trees project student observer, pre 2026"
-8297,NA,NA,"74375898",NA,0,"MSU campus trees project student observer, pre 2026"
-8298,NA,NA,"74377361",NA,0,"MSU campus trees project student observer, pre 2026"
-8299,NA,NA,"74382899",NA,0,"MSU campus trees project student observer, pre 2026"
-8300,NA,NA,"74393659",NA,0,"MSU campus trees project student observer, pre 2026"
-8301,NA,NA,"74436318",NA,0,"MSU campus trees project student observer, pre 2026"
-8302,NA,NA,"74460152",NA,0,"MSU campus trees project student observer, pre 2026"
-8303,NA,NA,"74558209",NA,0,"MSU campus trees project student observer, pre 2026"
-8304,NA,NA,"74576744",NA,0,"MSU campus trees project student observer, pre 2026"
-8305,NA,NA,"74579585",NA,0,"MSU campus trees project student observer, pre 2026"
-8306,NA,NA,"74603413",NA,0,"MSU campus trees project student observer, pre 2026"
-8307,NA,NA,"74617979",NA,0,"MSU campus trees project student observer, pre 2026"
-8308,NA,NA,"74648083",NA,0,"MSU campus trees project student observer, pre 2026"
-8309,NA,NA,"74700485",NA,0,"MSU campus trees project student observer, pre 2026"
-8310,NA,NA,"74711807",NA,0,"MSU campus trees project student observer, pre 2026"
-8311,NA,NA,"74721897",NA,0,"MSU campus trees project student observer, pre 2026"
-8312,NA,NA,"74776367",NA,0,"MSU campus trees project student observer, pre 2026"
-8313,NA,NA,"74786342",NA,0,"MSU campus trees project student observer, pre 2026"
-8314,NA,NA,"74817653",NA,0,"MSU campus trees project student observer, pre 2026"
-8315,NA,NA,"74828176",NA,0,"MSU campus trees project student observer, pre 2026"
-8316,NA,NA,"74834102",NA,0,"MSU campus trees project student observer, pre 2026"
-8317,NA,NA,"74849927",NA,0,"MSU campus trees project student observer, pre 2026"
-8318,NA,NA,"74869459",NA,0,"MSU campus trees project student observer, pre 2026"
-8319,NA,NA,"74871671",NA,0,"MSU campus trees project student observer, pre 2026"
-8320,NA,NA,"74875465",NA,0,"MSU campus trees project student observer, pre 2026"
-8321,NA,NA,"74908846",NA,0,"MSU campus trees project student observer, pre 2026"
-8322,NA,NA,"74943098",NA,0,"MSU campus trees project student observer, pre 2026"
-8323,NA,NA,"74971082",NA,0,"MSU campus trees project student observer, pre 2026"
-8324,NA,NA,"74994721",NA,0,"MSU campus trees project student observer, pre 2026"
-8325,NA,NA,"75002810",NA,0,"MSU campus trees project student observer, pre 2026"
-8326,NA,NA,"75068998",NA,0,"MSU campus trees project student observer, pre 2026"
-8327,NA,NA,"75092859",NA,0,"MSU campus trees project student observer, pre 2026"
-8328,NA,NA,"75102616",NA,0,"MSU campus trees project student observer, pre 2026"
-8329,NA,NA,"75137291",NA,0,"MSU campus trees project student observer, pre 2026"
-8330,NA,NA,"75155384",NA,0,"MSU campus trees project student observer, pre 2026"
-8331,NA,NA,"75169260",NA,0,"MSU campus trees project student observer, pre 2026"
-8332,NA,NA,"75205889",NA,0,"MSU campus trees project student observer, pre 2026"
-8333,NA,NA,"75211781",NA,0,"MSU campus trees project student observer, pre 2026"
-8334,NA,NA,"75273787",NA,0,"MSU campus trees project student observer, pre 2026"
-8335,NA,NA,"75377131",NA,0,"MSU campus trees project student observer, pre 2026"
-8336,NA,NA,"75397823",NA,0,"MSU campus trees project student observer, pre 2026"
-8337,NA,NA,"75406094",NA,0,"MSU campus trees project student observer, pre 2026"
-8338,NA,NA,"75434395",NA,0,"MSU campus trees project student observer, pre 2026"
-8339,NA,NA,"75587788",NA,0,"MSU campus trees project student observer, pre 2026"
-8340,NA,NA,"75594759",NA,0,"MSU campus trees project student observer, pre 2026"
-8341,NA,NA,"75614602",NA,0,"MSU campus trees project student observer, pre 2026"
-8342,NA,NA,"75682171",NA,0,"MSU campus trees project student observer, pre 2026"
-8343,NA,NA,"75691052",NA,0,"MSU campus trees project student observer, pre 2026"
-8344,NA,NA,"75696168",NA,0,"MSU campus trees project student observer, pre 2026"
-8345,NA,NA,"75730584",NA,0,"MSU campus trees project student observer, pre 2026"
-8346,NA,NA,"75744245",NA,0,"MSU campus trees project student observer, pre 2026"
-8347,NA,NA,"75756086",NA,0,"MSU campus trees project student observer, pre 2026"
-8348,NA,NA,"75758650",NA,0,"MSU campus trees project student observer, pre 2026"
-8349,NA,NA,"75781772",NA,0,"MSU campus trees project student observer, pre 2026"
-8350,NA,NA,"75791948",NA,0,"MSU campus trees project student observer, pre 2026"
-8351,NA,NA,"75805917",NA,0,"MSU campus trees project student observer, pre 2026"
-8352,NA,NA,"75875361",NA,0,"MSU campus trees project student observer, pre 2026"
-8353,NA,NA,"75912138",NA,0,"MSU campus trees project student observer, pre 2026"
-8354,NA,NA,"75953432",NA,0,"MSU campus trees project student observer, pre 2026"
-8355,NA,NA,"75985319",NA,0,"MSU campus trees project student observer, pre 2026"
-8356,NA,NA,"76081291",NA,0,"MSU campus trees project student observer, pre 2026"
-8357,NA,NA,"76092110",NA,0,"MSU campus trees project student observer, pre 2026"
-8358,NA,NA,"76092508",NA,0,"MSU campus trees project student observer, pre 2026"
-8359,NA,NA,"76097860",NA,0,"MSU campus trees project student observer, pre 2026"
-8360,NA,NA,"76156486",NA,0,"MSU campus trees project student observer, pre 2026"
-8361,NA,NA,"76182674",NA,0,"MSU campus trees project student observer, pre 2026"
-8362,NA,NA,"76196359",NA,0,"MSU campus trees project student observer, pre 2026"
-8363,NA,NA,"76208796",NA,0,"MSU campus trees project student observer, pre 2026"
-8364,NA,NA,"76215357",NA,0,"MSU campus trees project student observer, pre 2026"
-8365,NA,NA,"76230951",NA,0,"MSU campus trees project student observer, pre 2026"
-8366,NA,NA,"76237681",NA,0,"MSU campus trees project student observer, pre 2026"
-8367,NA,NA,"76294768",NA,0,"MSU campus trees project student observer, pre 2026"
-8368,NA,NA,"76321054",NA,0,"MSU campus trees project student observer, pre 2026"
-8369,NA,NA,"76343643",NA,0,"MSU campus trees project student observer, pre 2026"
-8370,NA,NA,"76350724",NA,0,"MSU campus trees project student observer, pre 2026"
-8371,NA,NA,"76368835",NA,0,"MSU campus trees project student observer, pre 2026"
-8372,NA,NA,"76392972",NA,0,"MSU campus trees project student observer, pre 2026"
-8373,NA,NA,"76422529",NA,0,"MSU campus trees project student observer, pre 2026"
-8374,NA,NA,"76465903",NA,0,"MSU campus trees project student observer, pre 2026"
-8375,NA,NA,"76468899",NA,0,"MSU campus trees project student observer, pre 2026"
-8376,NA,NA,"76471792",NA,0,"MSU campus trees project student observer, pre 2026"
-8377,NA,NA,"76473932",NA,0,"MSU campus trees project student observer, pre 2026"
-8378,NA,NA,"76492096",NA,0,"MSU campus trees project student observer, pre 2026"
-8379,NA,NA,"76514874",NA,0,"MSU campus trees project student observer, pre 2026"
-8380,NA,NA,"76517167",NA,0,"MSU campus trees project student observer, pre 2026"
-8381,NA,NA,"76625856",NA,0,"MSU campus trees project student observer, pre 2026"
-8382,NA,NA,"76630541",NA,0,"MSU campus trees project student observer, pre 2026"
-8383,NA,NA,"76640272",NA,0,"MSU campus trees project student observer, pre 2026"
-8384,NA,NA,"76650810",NA,0,"MSU campus trees project student observer, pre 2026"
-8385,NA,NA,"76681046",NA,0,"MSU campus trees project student observer, pre 2026"
-8386,NA,NA,"76681052",NA,0,"MSU campus trees project student observer, pre 2026"
-8387,NA,NA,"76744008",NA,0,"MSU campus trees project student observer, pre 2026"
-8388,NA,NA,"76744751",NA,0,"MSU campus trees project student observer, pre 2026"
-8389,NA,NA,"76751173",NA,0,"MSU campus trees project student observer, pre 2026"
-8390,NA,NA,"76772314",NA,0,"MSU campus trees project student observer, pre 2026"
-8391,NA,NA,"76888090",NA,0,"MSU campus trees project student observer, pre 2026"
-8392,NA,NA,"76895203",NA,0,"MSU campus trees project student observer, pre 2026"
-8393,NA,NA,"76912960",NA,0,"MSU campus trees project student observer, pre 2026"
-8394,NA,NA,"76914875",NA,0,"MSU campus trees project student observer, pre 2026"
-8395,NA,NA,"76922803",NA,0,"MSU campus trees project student observer, pre 2026"
-8396,NA,NA,"76995423",NA,0,"MSU campus trees project student observer, pre 2026"
-8397,NA,NA,"77020105",NA,0,"MSU campus trees project student observer, pre 2026"
-8398,NA,NA,"77024372",NA,0,"MSU campus trees project student observer, pre 2026"
-8399,NA,NA,"77026752",NA,0,"MSU campus trees project student observer, pre 2026"
-8400,NA,NA,"77051110",NA,0,"MSU campus trees project student observer, pre 2026"
-8401,NA,NA,"77053061",NA,0,"MSU campus trees project student observer, pre 2026"
-8402,NA,NA,"77060740",NA,0,"MSU campus trees project student observer, pre 2026"
-8403,NA,NA,"77071914",NA,0,"MSU campus trees project student observer, pre 2026"
-8404,NA,NA,"77089515",NA,0,"MSU campus trees project student observer, pre 2026"
-8405,NA,NA,"77120780",NA,0,"MSU campus trees project student observer, pre 2026"
-8406,NA,NA,"77138020",NA,0,"MSU campus trees project student observer, pre 2026"
-8407,NA,NA,"77138865",NA,0,"MSU campus trees project student observer, pre 2026"
-8408,NA,NA,"77216834",NA,0,"MSU campus trees project student observer, pre 2026"
-8409,NA,NA,"77235704",NA,0,"MSU campus trees project student observer, pre 2026"
-8410,NA,NA,"77298894",NA,0,"MSU campus trees project student observer, pre 2026"
-8411,NA,NA,"77311718",NA,0,"MSU campus trees project student observer, pre 2026"
-8412,NA,NA,"77322885",NA,0,"MSU campus trees project student observer, pre 2026"
-8413,NA,NA,"77365038",NA,0,"MSU campus trees project student observer, pre 2026"
-8414,NA,NA,"77366378",NA,0,"MSU campus trees project student observer, pre 2026"
-8415,NA,NA,"77400742",NA,0,"MSU campus trees project student observer, pre 2026"
-8416,NA,NA,"77409451",NA,0,"MSU campus trees project student observer, pre 2026"
-8417,NA,NA,"77415575",NA,0,"MSU campus trees project student observer, pre 2026"
-8418,NA,NA,"77428496",NA,0,"MSU campus trees project student observer, pre 2026"
-8419,NA,NA,"77428922",NA,0,"MSU campus trees project student observer, pre 2026"
-8420,NA,NA,"77449849",NA,0,"MSU campus trees project student observer, pre 2026"
-8421,NA,NA,"77450634",NA,0,"MSU campus trees project student observer, pre 2026"
-8422,NA,NA,"77474828",NA,0,"MSU campus trees project student observer, pre 2026"
-8423,NA,NA,"77557836",NA,0,"MSU campus trees project student observer, pre 2026"
-8424,NA,NA,"77578043",NA,0,"MSU campus trees project student observer, pre 2026"
-8425,NA,NA,"77595220",NA,0,"MSU campus trees project student observer, pre 2026"
-8426,NA,NA,"77612671",NA,0,"MSU campus trees project student observer, pre 2026"
-8427,NA,NA,"77613716",NA,0,"MSU campus trees project student observer, pre 2026"
-8428,NA,NA,"77627600",NA,0,"MSU campus trees project student observer, pre 2026"
-8429,NA,NA,"77630314",NA,0,"MSU campus trees project student observer, pre 2026"
-8430,NA,NA,"77645717",NA,0,"MSU campus trees project student observer, pre 2026"
-8431,NA,NA,"77680163",NA,0,"MSU campus trees project student observer, pre 2026"
-8432,NA,NA,"77713049",NA,0,"MSU campus trees project student observer, pre 2026"
-8433,NA,NA,"77725826",NA,0,"MSU campus trees project student observer, pre 2026"
-8434,NA,NA,"77740318",NA,0,"MSU campus trees project student observer, pre 2026"
-8435,NA,NA,"77775045",NA,0,"MSU campus trees project student observer, pre 2026"
-8436,NA,NA,"77777645",NA,0,"MSU campus trees project student observer, pre 2026"
-8437,NA,NA,"77792678",NA,0,"MSU campus trees project student observer, pre 2026"
-8438,NA,NA,"77840141",NA,0,"MSU campus trees project student observer, pre 2026"
-8439,NA,NA,"77851425",NA,0,"MSU campus trees project student observer, pre 2026"
-8440,NA,NA,"77853392",NA,0,"MSU campus trees project student observer, pre 2026"
-8441,NA,NA,"77871176",NA,0,"MSU campus trees project student observer, pre 2026"
-8442,NA,NA,"77902429",NA,0,"MSU campus trees project student observer, pre 2026"
-8443,NA,NA,"77937341",NA,0,"MSU campus trees project student observer, pre 2026"
-8444,NA,NA,"77940506",NA,0,"MSU campus trees project student observer, pre 2026"
-8445,NA,NA,"77998178",NA,0,"MSU campus trees project student observer, pre 2026"
-8446,NA,NA,"78059311",NA,0,"MSU campus trees project student observer, pre 2026"
-8447,NA,NA,"78109072",NA,0,"MSU campus trees project student observer, pre 2026"
-8448,NA,NA,"78132243",NA,0,"MSU campus trees project student observer, pre 2026"
-8449,NA,NA,"78144107",NA,0,"MSU campus trees project student observer, pre 2026"
-8450,NA,NA,"78168940",NA,0,"MSU campus trees project student observer, pre 2026"
-8451,NA,NA,"78171350",NA,0,"MSU campus trees project student observer, pre 2026"
-8452,NA,NA,"78191374",NA,0,"MSU campus trees project student observer, pre 2026"
-8453,NA,NA,"78209027",NA,0,"MSU campus trees project student observer, pre 2026"
-8454,NA,NA,"78226969",NA,0,"MSU campus trees project student observer, pre 2026"
-8455,NA,NA,"78374924",NA,0,"MSU campus trees project student observer, pre 2026"
-8456,NA,NA,"78375077",NA,0,"MSU campus trees project student observer, pre 2026"
-8457,NA,NA,"78382610",NA,0,"MSU campus trees project student observer, pre 2026"
-8458,NA,NA,"78387017",NA,0,"MSU campus trees project student observer, pre 2026"
-8459,NA,NA,"78439564",NA,0,"MSU campus trees project student observer, pre 2026"
-8460,NA,NA,"78447769",NA,0,"MSU campus trees project student observer, pre 2026"
-8461,NA,NA,"78475857",NA,0,"MSU campus trees project student observer, pre 2026"
-8462,NA,NA,"78505885",NA,0,"MSU campus trees project student observer, pre 2026"
-8463,NA,NA,"78509821",NA,0,"MSU campus trees project student observer, pre 2026"
-8464,NA,NA,"78523771",NA,0,"MSU campus trees project student observer, pre 2026"
-8465,NA,NA,"78536433",NA,0,"MSU campus trees project student observer, pre 2026"
-8466,NA,NA,"78543901",NA,0,"MSU campus trees project student observer, pre 2026"
-8467,NA,NA,"78601282",NA,0,"MSU campus trees project student observer, pre 2026"
-8468,NA,NA,"78610737",NA,0,"MSU campus trees project student observer, pre 2026"
-8469,NA,NA,"78634440",NA,0,"MSU campus trees project student observer, pre 2026"
-8470,NA,NA,"78648376",NA,0,"MSU campus trees project student observer, pre 2026"
-8471,NA,NA,"78655620",NA,0,"MSU campus trees project student observer, pre 2026"
-8472,NA,NA,"78687797",NA,0,"MSU campus trees project student observer, pre 2026"
-8473,NA,NA,"78725595",NA,0,"MSU campus trees project student observer, pre 2026"
-8474,NA,NA,"78725773",NA,0,"MSU campus trees project student observer, pre 2026"
-8475,NA,NA,"78737894",NA,0,"MSU campus trees project student observer, pre 2026"
-8476,NA,NA,"78746247",NA,0,"MSU campus trees project student observer, pre 2026"
-8477,NA,NA,"78767962",NA,0,"MSU campus trees project student observer, pre 2026"
-8478,NA,NA,"78781255",NA,0,"MSU campus trees project student observer, pre 2026"
-8479,NA,NA,"78857883",NA,0,"MSU campus trees project student observer, pre 2026"
-8480,NA,NA,"78888993",NA,0,"MSU campus trees project student observer, pre 2026"
-8481,NA,NA,"78908882",NA,0,"MSU campus trees project student observer, pre 2026"
-8482,NA,NA,"78934833",NA,0,"MSU campus trees project student observer, pre 2026"
-8483,NA,NA,"78981424",NA,0,"MSU campus trees project student observer, pre 2026"
-8484,NA,NA,"79014592",NA,0,"MSU campus trees project student observer, pre 2026"
-8485,NA,NA,"79022475",NA,0,"MSU campus trees project student observer, pre 2026"
-8486,NA,NA,"79077134",NA,0,"MSU campus trees project student observer, pre 2026"
-8487,NA,NA,"79078003",NA,0,"MSU campus trees project student observer, pre 2026"
-8488,NA,NA,"79083054",NA,0,"MSU campus trees project student observer, pre 2026"
-8489,NA,NA,"79154244",NA,0,"MSU campus trees project student observer, pre 2026"
-8490,NA,NA,"79232048",NA,0,"MSU campus trees project student observer, pre 2026"
-8491,NA,NA,"79253075",NA,0,"MSU campus trees project student observer, pre 2026"
-8492,NA,NA,"79285453",NA,0,"MSU campus trees project student observer, pre 2026"
-8493,NA,NA,"79290672",NA,0,"MSU campus trees project student observer, pre 2026"
-8494,NA,NA,"79396450",NA,0,"MSU campus trees project student observer, pre 2026"
-8495,NA,NA,"79492842",NA,0,"MSU campus trees project student observer, pre 2026"
-8496,NA,NA,"79503498",NA,0,"MSU campus trees project student observer, pre 2026"
-8497,NA,NA,"79505686",NA,0,"MSU campus trees project student observer, pre 2026"
-8498,NA,NA,"79517482",NA,0,"MSU campus trees project student observer, pre 2026"
-8499,NA,NA,"79532803",NA,0,"MSU campus trees project student observer, pre 2026"
-8500,NA,NA,"79545424",NA,0,"MSU campus trees project student observer, pre 2026"
-8501,NA,NA,"79546811",NA,0,"MSU campus trees project student observer, pre 2026"
-8502,NA,NA,"79561762",NA,0,"MSU campus trees project student observer, pre 2026"
-8503,NA,NA,"79606690",NA,0,"MSU campus trees project student observer, pre 2026"
-8504,NA,NA,"79657985",NA,0,"MSU campus trees project student observer, pre 2026"
-8505,NA,NA,"79689351",NA,0,"MSU campus trees project student observer, pre 2026"
-8506,NA,NA,"79722043",NA,0,"MSU campus trees project student observer, pre 2026"
-8507,NA,NA,"79769686",NA,0,"MSU campus trees project student observer, pre 2026"
-8508,NA,NA,"79777647",NA,0,"MSU campus trees project student observer, pre 2026"
-8509,NA,NA,"79778536",NA,0,"MSU campus trees project student observer, pre 2026"
-8510,NA,NA,"79811317",NA,0,"MSU campus trees project student observer, pre 2026"
-8511,NA,NA,"79835655",NA,0,"MSU campus trees project student observer, pre 2026"
-8512,NA,NA,"79865854",NA,0,"MSU campus trees project student observer, pre 2026"
-8513,NA,NA,"79880453",NA,0,"MSU campus trees project student observer, pre 2026"
-8514,NA,NA,"79931668",NA,0,"MSU campus trees project student observer, pre 2026"
-8515,NA,NA,"79944474",NA,0,"MSU campus trees project student observer, pre 2026"
-8516,NA,NA,"79985865",NA,0,"MSU campus trees project student observer, pre 2026"
-8517,NA,NA,"80008880",NA,0,"MSU campus trees project student observer, pre 2026"
-8518,NA,NA,"80013479",NA,0,"MSU campus trees project student observer, pre 2026"
-8519,NA,NA,"80022480",NA,0,"MSU campus trees project student observer, pre 2026"
-8520,NA,NA,"80052467",NA,0,"MSU campus trees project student observer, pre 2026"
-8521,NA,NA,"80052858",NA,0,"MSU campus trees project student observer, pre 2026"
-8522,NA,NA,"80055326",NA,0,"MSU campus trees project student observer, pre 2026"
-8523,NA,NA,"80064071",NA,0,"MSU campus trees project student observer, pre 2026"
-8524,NA,NA,"80082837",NA,0,"MSU campus trees project student observer, pre 2026"
-8525,NA,NA,"80090649",NA,0,"MSU campus trees project student observer, pre 2026"
-8526,NA,NA,"80150999",NA,0,"MSU campus trees project student observer, pre 2026"
-8527,NA,NA,"80162888",NA,0,"MSU campus trees project student observer, pre 2026"
-8528,NA,NA,"80163404",NA,0,"MSU campus trees project student observer, pre 2026"
-8529,NA,NA,"80168022",NA,0,"MSU campus trees project student observer, pre 2026"
-8530,NA,NA,"80180441",NA,0,"MSU campus trees project student observer, pre 2026"
-8531,NA,NA,"80186536",NA,0,"MSU campus trees project student observer, pre 2026"
-8532,NA,NA,"80249686",NA,0,"MSU campus trees project student observer, pre 2026"
-8533,NA,NA,"80343516",NA,0,"MSU campus trees project student observer, pre 2026"
-8534,NA,NA,"80385333",NA,0,"MSU campus trees project student observer, pre 2026"
-8535,NA,NA,"80491445",NA,0,"MSU campus trees project student observer, pre 2026"
-8536,NA,NA,"80494238",NA,0,"MSU campus trees project student observer, pre 2026"
-8537,NA,NA,"80501099",NA,0,"MSU campus trees project student observer, pre 2026"
-8538,NA,NA,"80535081",NA,0,"MSU campus trees project student observer, pre 2026"
-8539,NA,NA,"80598188",NA,0,"MSU campus trees project student observer, pre 2026"
-8540,NA,NA,"80603714",NA,0,"MSU campus trees project student observer, pre 2026"
-8541,NA,NA,"80611086",NA,0,"MSU campus trees project student observer, pre 2026"
-8542,NA,NA,"80627036",NA,0,"MSU campus trees project student observer, pre 2026"
-8543,NA,NA,"80684635",NA,0,"MSU campus trees project student observer, pre 2026"
-8544,NA,NA,"80690464",NA,0,"MSU campus trees project student observer, pre 2026"
-8545,NA,NA,"80769048",NA,0,"MSU campus trees project student observer, pre 2026"
-8546,NA,NA,"80823476",NA,0,"MSU campus trees project student observer, pre 2026"
-8547,NA,NA,"80837218",NA,0,"MSU campus trees project student observer, pre 2026"
-8548,NA,NA,"80878183",NA,0,"MSU campus trees project student observer, pre 2026"
-8549,NA,NA,"80959389",NA,0,"MSU campus trees project student observer, pre 2026"
-8550,NA,NA,"80969476",NA,0,"MSU campus trees project student observer, pre 2026"
-8551,NA,NA,"81024417",NA,0,"MSU campus trees project student observer, pre 2026"
-8552,NA,NA,"81040743",NA,0,"MSU campus trees project student observer, pre 2026"
-8553,NA,NA,"81044577",NA,0,"MSU campus trees project student observer, pre 2026"
-8554,NA,NA,"81064505",NA,0,"MSU campus trees project student observer, pre 2026"
-8555,NA,NA,"81081976",NA,0,"MSU campus trees project student observer, pre 2026"
-8556,NA,NA,"81091039",NA,0,"MSU campus trees project student observer, pre 2026"
-8557,NA,NA,"81097004",NA,0,"MSU campus trees project student observer, pre 2026"
-8558,NA,NA,"81098805",NA,0,"MSU campus trees project student observer, pre 2026"
-8559,NA,NA,"81130800",NA,0,"MSU campus trees project student observer, pre 2026"
-8560,NA,NA,"81134800",NA,0,"MSU campus trees project student observer, pre 2026"
-8561,NA,NA,"81135501",NA,0,"MSU campus trees project student observer, pre 2026"
-8562,NA,NA,"81176557",NA,0,"MSU campus trees project student observer, pre 2026"
-8563,NA,NA,"81191919",NA,0,"MSU campus trees project student observer, pre 2026"
-8564,NA,NA,"81251271",NA,0,"MSU campus trees project student observer, pre 2026"
-8565,NA,NA,"81294244",NA,0,"MSU campus trees project student observer, pre 2026"
-8566,NA,NA,"81320159",NA,0,"MSU campus trees project student observer, pre 2026"
-8567,NA,NA,"81348790",NA,0,"MSU campus trees project student observer, pre 2026"
-8568,NA,NA,"81362166",NA,0,"MSU campus trees project student observer, pre 2026"
-8569,NA,NA,"81383441",NA,0,"MSU campus trees project student observer, pre 2026"
-8570,NA,NA,"81474662",NA,0,"MSU campus trees project student observer, pre 2026"
-8571,NA,NA,"81550133",NA,0,"MSU campus trees project student observer, pre 2026"
-8572,NA,NA,"81554597",NA,0,"MSU campus trees project student observer, pre 2026"
-8573,NA,NA,"81615919",NA,0,"MSU campus trees project student observer, pre 2026"
-8574,NA,NA,"81616450",NA,0,"MSU campus trees project student observer, pre 2026"
-8575,NA,NA,"81634004",NA,0,"MSU campus trees project student observer, pre 2026"
-8576,NA,NA,"81635529",NA,0,"MSU campus trees project student observer, pre 2026"
-8577,NA,NA,"81646644",NA,0,"MSU campus trees project student observer, pre 2026"
-8578,NA,NA,"81672521",NA,0,"MSU campus trees project student observer, pre 2026"
-8579,NA,NA,"81694315",NA,0,"MSU campus trees project student observer, pre 2026"
-8580,NA,NA,"81747937",NA,0,"MSU campus trees project student observer, pre 2026"
-8581,NA,NA,"81749658",NA,0,"MSU campus trees project student observer, pre 2026"
-8582,NA,NA,"81756217",NA,0,"MSU campus trees project student observer, pre 2026"
-8583,NA,NA,"81783405",NA,0,"MSU campus trees project student observer, pre 2026"
-8584,NA,NA,"81825392",NA,0,"MSU campus trees project student observer, pre 2026"
-8585,NA,NA,"81825916",NA,0,"MSU campus trees project student observer, pre 2026"
-8586,NA,NA,"81831648",NA,0,"MSU campus trees project student observer, pre 2026"
-8587,NA,NA,"81834903",NA,0,"MSU campus trees project student observer, pre 2026"
-8588,NA,NA,"81844165",NA,0,"MSU campus trees project student observer, pre 2026"
-8589,NA,NA,"81861117",NA,0,"MSU campus trees project student observer, pre 2026"
-8590,NA,NA,"81902557",NA,0,"MSU campus trees project student observer, pre 2026"
-8591,NA,NA,"81914524",NA,0,"MSU campus trees project student observer, pre 2026"
-8592,NA,NA,"81974403",NA,0,"MSU campus trees project student observer, pre 2026"
-8593,NA,NA,"81975850",NA,0,"MSU campus trees project student observer, pre 2026"
-8594,NA,NA,"82014634",NA,0,"MSU campus trees project student observer, pre 2026"
-8595,NA,NA,"82033715",NA,0,"MSU campus trees project student observer, pre 2026"
-8596,NA,NA,"82040510",NA,0,"MSU campus trees project student observer, pre 2026"
-8597,NA,NA,"82109122",NA,0,"MSU campus trees project student observer, pre 2026"
-8598,NA,NA,"82158582",NA,0,"MSU campus trees project student observer, pre 2026"
-8599,NA,NA,"82210827",NA,0,"MSU campus trees project student observer, pre 2026"
-8600,NA,NA,"82223954",NA,0,"MSU campus trees project student observer, pre 2026"
-8601,NA,NA,"82308200",NA,0,"MSU campus trees project student observer, pre 2026"
-8602,NA,NA,"82319234",NA,0,"MSU campus trees project student observer, pre 2026"
-8603,NA,NA,"82336306",NA,0,"MSU campus trees project student observer, pre 2026"
-8604,NA,NA,"82362817",NA,0,"MSU campus trees project student observer, pre 2026"
-8605,NA,NA,"82388927",NA,0,"MSU campus trees project student observer, pre 2026"
-8606,NA,NA,"82428222",NA,0,"MSU campus trees project student observer, pre 2026"
-8607,NA,NA,"82461758",NA,0,"MSU campus trees project student observer, pre 2026"
-8608,NA,NA,"82511743",NA,0,"MSU campus trees project student observer, pre 2026"
-8609,NA,NA,"82518861",NA,0,"MSU campus trees project student observer, pre 2026"
-8610,NA,NA,"82617054",NA,0,"MSU campus trees project student observer, pre 2026"
-8611,NA,NA,"82619775",NA,0,"MSU campus trees project student observer, pre 2026"
-8612,NA,NA,"82649151",NA,0,"MSU campus trees project student observer, pre 2026"
-8613,NA,NA,"82673493",NA,0,"MSU campus trees project student observer, pre 2026"
-8614,NA,NA,"82687439",NA,0,"MSU campus trees project student observer, pre 2026"
-8615,NA,NA,"82689589",NA,0,"MSU campus trees project student observer, pre 2026"
-8616,NA,NA,"82692568",NA,0,"MSU campus trees project student observer, pre 2026"
-8617,NA,NA,"82739395",NA,0,"MSU campus trees project student observer, pre 2026"
-8618,NA,NA,"82754230",NA,0,"MSU campus trees project student observer, pre 2026"
-8619,NA,NA,"82754268",NA,0,"MSU campus trees project student observer, pre 2026"
-8620,NA,NA,"82758026",NA,0,"MSU campus trees project student observer, pre 2026"
-8621,NA,NA,"82841400",NA,0,"MSU campus trees project student observer, pre 2026"
-8622,NA,NA,"82855324",NA,0,"MSU campus trees project student observer, pre 2026"
-8623,NA,NA,"82869140",NA,0,"MSU campus trees project student observer, pre 2026"
-8624,NA,NA,"82870461",NA,0,"MSU campus trees project student observer, pre 2026"
-8625,NA,NA,"82958227",NA,0,"MSU campus trees project student observer, pre 2026"
-8626,NA,NA,"82973220",NA,0,"MSU campus trees project student observer, pre 2026"
-8627,NA,NA,"83051761",NA,0,"MSU campus trees project student observer, pre 2026"
-8628,NA,NA,"83089783",NA,0,"MSU campus trees project student observer, pre 2026"
-8629,NA,NA,"83097302",NA,0,"MSU campus trees project student observer, pre 2026"
-8630,NA,NA,"83140968",NA,0,"MSU campus trees project student observer, pre 2026"
-8631,NA,NA,"83149693",NA,0,"MSU campus trees project student observer, pre 2026"
-8632,NA,NA,"83149845",NA,0,"MSU campus trees project student observer, pre 2026"
-8633,NA,NA,"83150392",NA,0,"MSU campus trees project student observer, pre 2026"
-8634,NA,NA,"83240442",NA,0,"MSU campus trees project student observer, pre 2026"
-8635,NA,NA,"83297052",NA,0,"MSU campus trees project student observer, pre 2026"
-8636,NA,NA,"83316781",NA,0,"MSU campus trees project student observer, pre 2026"
-8637,NA,NA,"83356097",NA,0,"MSU campus trees project student observer, pre 2026"
-8638,NA,NA,"83359129",NA,0,"MSU campus trees project student observer, pre 2026"
-8639,NA,NA,"83366692",NA,0,"MSU campus trees project student observer, pre 2026"
-8640,NA,NA,"83372456",NA,0,"MSU campus trees project student observer, pre 2026"
-8641,NA,NA,"83375834",NA,0,"MSU campus trees project student observer, pre 2026"
-8642,NA,NA,"83379026",NA,0,"MSU campus trees project student observer, pre 2026"
-8643,NA,NA,"83393340",NA,0,"MSU campus trees project student observer, pre 2026"
-8644,NA,NA,"83396005",NA,0,"MSU campus trees project student observer, pre 2026"
-8645,NA,NA,"83432930",NA,0,"MSU campus trees project student observer, pre 2026"
-8646,NA,NA,"83449503",NA,0,"MSU campus trees project student observer, pre 2026"
-8647,NA,NA,"83497075",NA,0,"MSU campus trees project student observer, pre 2026"
-8648,NA,NA,"83539595",NA,0,"MSU campus trees project student observer, pre 2026"
-8649,NA,NA,"83620579",NA,0,"MSU campus trees project student observer, pre 2026"
-8650,NA,NA,"83682165",NA,0,"MSU campus trees project student observer, pre 2026"
-8651,NA,NA,"83719511",NA,0,"MSU campus trees project student observer, pre 2026"
-8652,NA,NA,"83754441",NA,0,"MSU campus trees project student observer, pre 2026"
-8653,NA,NA,"83760457",NA,0,"MSU campus trees project student observer, pre 2026"
-8654,NA,NA,"83773359",NA,0,"MSU campus trees project student observer, pre 2026"
-8655,NA,NA,"83779972",NA,0,"MSU campus trees project student observer, pre 2026"
-8656,NA,NA,"83809172",NA,0,"MSU campus trees project student observer, pre 2026"
-8657,NA,NA,"83810607",NA,0,"MSU campus trees project student observer, pre 2026"
-8658,NA,NA,"83822875",NA,0,"MSU campus trees project student observer, pre 2026"
-8659,NA,NA,"83844014",NA,0,"MSU campus trees project student observer, pre 2026"
-8660,NA,NA,"83863577",NA,0,"MSU campus trees project student observer, pre 2026"
-8661,NA,NA,"83918166",NA,0,"MSU campus trees project student observer, pre 2026"
-8662,NA,NA,"83931886",NA,0,"MSU campus trees project student observer, pre 2026"
-8663,NA,NA,"83964990",NA,0,"MSU campus trees project student observer, pre 2026"
-8664,NA,NA,"83966426",NA,0,"MSU campus trees project student observer, pre 2026"
-8665,NA,NA,"83995383",NA,0,"MSU campus trees project student observer, pre 2026"
-8666,NA,NA,"83998042",NA,0,"MSU campus trees project student observer, pre 2026"
-8667,NA,NA,"84001939",NA,0,"MSU campus trees project student observer, pre 2026"
-8668,NA,NA,"84102871",NA,0,"MSU campus trees project student observer, pre 2026"
-8669,NA,NA,"84104341",NA,0,"MSU campus trees project student observer, pre 2026"
-8670,NA,NA,"84128879",NA,0,"MSU campus trees project student observer, pre 2026"
-8671,NA,NA,"84140310",NA,0,"MSU campus trees project student observer, pre 2026"
-8672,NA,NA,"84167825",NA,0,"MSU campus trees project student observer, pre 2026"
-8673,NA,NA,"84217203",NA,0,"MSU campus trees project student observer, pre 2026"
-8674,NA,NA,"84236958",NA,0,"MSU campus trees project student observer, pre 2026"
-8675,NA,NA,"84304372",NA,0,"MSU campus trees project student observer, pre 2026"
-8676,NA,NA,"84348944",NA,0,"MSU campus trees project student observer, pre 2026"
-8677,NA,NA,"84362401",NA,0,"MSU campus trees project student observer, pre 2026"
-8678,NA,NA,"84383887",NA,0,"MSU campus trees project student observer, pre 2026"
-8679,NA,NA,"84388174",NA,0,"MSU campus trees project student observer, pre 2026"
-8680,NA,NA,"84389492",NA,0,"MSU campus trees project student observer, pre 2026"
-8681,NA,NA,"84393031",NA,0,"MSU campus trees project student observer, pre 2026"
-8682,NA,NA,"84432611",NA,0,"MSU campus trees project student observer, pre 2026"
-8683,NA,NA,"84432650",NA,0,"MSU campus trees project student observer, pre 2026"
-8684,NA,NA,"84488270",NA,0,"MSU campus trees project student observer, pre 2026"
-8685,NA,NA,"84489732",NA,0,"MSU campus trees project student observer, pre 2026"
-8686,NA,NA,"84494480",NA,0,"MSU campus trees project student observer, pre 2026"
-8687,NA,NA,"84525326",NA,0,"MSU campus trees project student observer, pre 2026"
-8688,NA,NA,"84537171",NA,0,"MSU campus trees project student observer, pre 2026"
-8689,NA,NA,"84541397",NA,0,"MSU campus trees project student observer, pre 2026"
-8690,NA,NA,"84546742",NA,0,"MSU campus trees project student observer, pre 2026"
-8691,NA,NA,"84548265",NA,0,"MSU campus trees project student observer, pre 2026"
-8692,NA,NA,"84601195",NA,0,"MSU campus trees project student observer, pre 2026"
-8693,NA,NA,"84607699",NA,0,"MSU campus trees project student observer, pre 2026"
-8694,NA,NA,"84675303",NA,0,"MSU campus trees project student observer, pre 2026"
-8695,NA,NA,"84677917",NA,0,"MSU campus trees project student observer, pre 2026"
-8696,NA,NA,"84679231",NA,0,"MSU campus trees project student observer, pre 2026"
-8697,NA,NA,"84680766",NA,0,"MSU campus trees project student observer, pre 2026"
-8698,NA,NA,"84802612",NA,0,"MSU campus trees project student observer, pre 2026"
-8699,NA,NA,"84805709",NA,0,"MSU campus trees project student observer, pre 2026"
-8700,NA,NA,"84831069",NA,0,"MSU campus trees project student observer, pre 2026"
-8701,NA,NA,"84842935",NA,0,"MSU campus trees project student observer, pre 2026"
-8702,NA,NA,"84903359",NA,0,"MSU campus trees project student observer, pre 2026"
-8703,NA,NA,"84904887",NA,0,"MSU campus trees project student observer, pre 2026"
-8704,NA,NA,"84933995",NA,0,"MSU campus trees project student observer, pre 2026"
-8705,NA,NA,"84992936",NA,0,"MSU campus trees project student observer, pre 2026"
-8706,NA,NA,"85055324",NA,0,"MSU campus trees project student observer, pre 2026"
-8707,NA,NA,"85107403",NA,0,"MSU campus trees project student observer, pre 2026"
-8708,NA,NA,"85137784",NA,0,"MSU campus trees project student observer, pre 2026"
-8709,NA,NA,"85143233",NA,0,"MSU campus trees project student observer, pre 2026"
-8710,NA,NA,"85150329",NA,0,"MSU campus trees project student observer, pre 2026"
-8711,NA,NA,"85166771",NA,0,"MSU campus trees project student observer, pre 2026"
-8712,NA,NA,"85176522",NA,0,"MSU campus trees project student observer, pre 2026"
-8713,NA,NA,"85182093",NA,0,"MSU campus trees project student observer, pre 2026"
-8714,NA,NA,"85228344",NA,0,"MSU campus trees project student observer, pre 2026"
-8715,NA,NA,"85231725",NA,0,"MSU campus trees project student observer, pre 2026"
-8716,NA,NA,"85282538",NA,0,"MSU campus trees project student observer, pre 2026"
-8717,NA,NA,"85290401",NA,0,"MSU campus trees project student observer, pre 2026"
-8718,NA,NA,"85340898",NA,0,"MSU campus trees project student observer, pre 2026"
-8719,NA,NA,"85392131",NA,0,"MSU campus trees project student observer, pre 2026"
-8720,NA,NA,"85493318",NA,0,"MSU campus trees project student observer, pre 2026"
-8721,NA,NA,"85506632",NA,0,"MSU campus trees project student observer, pre 2026"
-8722,NA,NA,"85517520",NA,0,"MSU campus trees project student observer, pre 2026"
-8723,NA,NA,"85526262",NA,0,"MSU campus trees project student observer, pre 2026"
-8724,NA,NA,"85537246",NA,0,"MSU campus trees project student observer, pre 2026"
-8725,NA,NA,"85545718",NA,0,"MSU campus trees project student observer, pre 2026"
-8726,NA,NA,"85548321",NA,0,"MSU campus trees project student observer, pre 2026"
-8727,NA,NA,"85564533",NA,0,"MSU campus trees project student observer, pre 2026"
-8728,NA,NA,"85573318",NA,0,"MSU campus trees project student observer, pre 2026"
-8729,NA,NA,"85617252",NA,0,"MSU campus trees project student observer, pre 2026"
-8730,NA,NA,"85639721",NA,0,"MSU campus trees project student observer, pre 2026"
-8731,NA,NA,"85665886",NA,0,"MSU campus trees project student observer, pre 2026"
-8732,NA,NA,"85695828",NA,0,"MSU campus trees project student observer, pre 2026"
-8733,NA,NA,"85697510",NA,0,"MSU campus trees project student observer, pre 2026"
-8734,NA,NA,"85703834",NA,0,"MSU campus trees project student observer, pre 2026"
-8735,NA,NA,"85741776",NA,0,"MSU campus trees project student observer, pre 2026"
-8736,NA,NA,"85769984",NA,0,"MSU campus trees project student observer, pre 2026"
-8737,NA,NA,"85813131",NA,0,"MSU campus trees project student observer, pre 2026"
-8738,NA,NA,"85827922",NA,0,"MSU campus trees project student observer, pre 2026"
-8739,NA,NA,"85896489",NA,0,"MSU campus trees project student observer, pre 2026"
-8740,NA,NA,"85915892",NA,0,"MSU campus trees project student observer, pre 2026"
-8741,NA,NA,"85921757",NA,0,"MSU campus trees project student observer, pre 2026"
-8742,NA,NA,"85953830",NA,0,"MSU campus trees project student observer, pre 2026"
-8743,NA,NA,"85980837",NA,0,"MSU campus trees project student observer, pre 2026"
-8744,NA,NA,"85990691",NA,0,"MSU campus trees project student observer, pre 2026"
-8745,NA,NA,"86023000",NA,0,"MSU campus trees project student observer, pre 2026"
-8746,NA,NA,"86045741",NA,0,"MSU campus trees project student observer, pre 2026"
-8747,NA,NA,"86049445",NA,0,"MSU campus trees project student observer, pre 2026"
-8748,NA,NA,"86176750",NA,0,"MSU campus trees project student observer, pre 2026"
-8749,NA,NA,"86180283",NA,0,"MSU campus trees project student observer, pre 2026"
-8750,NA,NA,"86204315",NA,0,"MSU campus trees project student observer, pre 2026"
-8751,NA,NA,"86209137",NA,0,"MSU campus trees project student observer, pre 2026"
-8752,NA,NA,"86241393",NA,0,"MSU campus trees project student observer, pre 2026"
-8753,NA,NA,"86253586",NA,0,"MSU campus trees project student observer, pre 2026"
-8754,NA,NA,"86272445",NA,0,"MSU campus trees project student observer, pre 2026"
-8755,NA,NA,"86282209",NA,0,"MSU campus trees project student observer, pre 2026"
-8756,NA,NA,"86290576",NA,0,"MSU campus trees project student observer, pre 2026"
-8757,NA,NA,"86306248",NA,0,"MSU campus trees project student observer, pre 2026"
-8758,NA,NA,"86338092",NA,0,"MSU campus trees project student observer, pre 2026"
-8759,NA,NA,"86514447",NA,0,"MSU campus trees project student observer, pre 2026"
-8760,NA,NA,"86595946",NA,0,"MSU campus trees project student observer, pre 2026"
-8761,NA,NA,"86605959",NA,0,"MSU campus trees project student observer, pre 2026"
-8762,NA,NA,"86623964",NA,0,"MSU campus trees project student observer, pre 2026"
-8763,NA,NA,"86636558",NA,0,"MSU campus trees project student observer, pre 2026"
-8764,NA,NA,"86706204",NA,0,"MSU campus trees project student observer, pre 2026"
-8765,NA,NA,"86706965",NA,0,"MSU campus trees project student observer, pre 2026"
-8766,NA,NA,"86710702",NA,0,"MSU campus trees project student observer, pre 2026"
-8767,NA,NA,"86782369",NA,0,"MSU campus trees project student observer, pre 2026"
-8768,NA,NA,"86836953",NA,0,"MSU campus trees project student observer, pre 2026"
-8769,NA,NA,"86852185",NA,0,"MSU campus trees project student observer, pre 2026"
-8770,NA,NA,"86854272",NA,0,"MSU campus trees project student observer, pre 2026"
-8771,NA,NA,"86856876",NA,0,"MSU campus trees project student observer, pre 2026"
-8772,NA,NA,"86864239",NA,0,"MSU campus trees project student observer, pre 2026"
-8773,NA,NA,"86978297",NA,0,"MSU campus trees project student observer, pre 2026"
-8774,NA,NA,"86981302",NA,0,"MSU campus trees project student observer, pre 2026"
-8775,NA,NA,"87043476",NA,0,"MSU campus trees project student observer, pre 2026"
-8776,NA,NA,"87086533",NA,0,"MSU campus trees project student observer, pre 2026"
-8777,NA,NA,"87096852",NA,0,"MSU campus trees project student observer, pre 2026"
-8778,NA,NA,"87128358",NA,0,"MSU campus trees project student observer, pre 2026"
-8779,NA,NA,"87146641",NA,0,"MSU campus trees project student observer, pre 2026"
-8780,NA,NA,"87197579",NA,0,"MSU campus trees project student observer, pre 2026"
-8781,NA,NA,"87254937",NA,0,"MSU campus trees project student observer, pre 2026"
-8782,NA,NA,"87289750",NA,0,"MSU campus trees project student observer, pre 2026"
-8783,NA,NA,"87290356",NA,0,"MSU campus trees project student observer, pre 2026"
-8784,NA,NA,"87302228",NA,0,"MSU campus trees project student observer, pre 2026"
-8785,NA,NA,"87322376",NA,0,"MSU campus trees project student observer, pre 2026"
-8786,NA,NA,"87323730",NA,0,"MSU campus trees project student observer, pre 2026"
-8787,NA,NA,"87392655",NA,0,"MSU campus trees project student observer, pre 2026"
-8788,NA,NA,"87396516",NA,0,"MSU campus trees project student observer, pre 2026"
-8789,NA,NA,"87509997",NA,0,"MSU campus trees project student observer, pre 2026"
-8790,NA,NA,"87570162",NA,0,"MSU campus trees project student observer, pre 2026"
-8791,NA,NA,"87585884",NA,0,"MSU campus trees project student observer, pre 2026"
-8792,NA,NA,"87587730",NA,0,"MSU campus trees project student observer, pre 2026"
-8793,NA,NA,"87587867",NA,0,"MSU campus trees project student observer, pre 2026"
-8794,NA,NA,"87623179",NA,0,"MSU campus trees project student observer, pre 2026"
-8795,NA,NA,"87631004",NA,0,"MSU campus trees project student observer, pre 2026"
-8796,NA,NA,"87691025",NA,0,"MSU campus trees project student observer, pre 2026"
-8797,NA,NA,"87795174",NA,0,"MSU campus trees project student observer, pre 2026"
-8798,NA,NA,"87812576",NA,0,"MSU campus trees project student observer, pre 2026"
-8799,NA,NA,"87840220",NA,0,"MSU campus trees project student observer, pre 2026"
-8800,NA,NA,"88001666",NA,0,"MSU campus trees project student observer, pre 2026"
-8801,NA,NA,"88033733",NA,0,"MSU campus trees project student observer, pre 2026"
-8802,NA,NA,"88048591",NA,0,"MSU campus trees project student observer, pre 2026"
-8803,NA,NA,"88070659",NA,0,"MSU campus trees project student observer, pre 2026"
-8804,NA,NA,"88077705",NA,0,"MSU campus trees project student observer, pre 2026"
-8805,NA,NA,"88087076",NA,0,"MSU campus trees project student observer, pre 2026"
-8806,NA,NA,"88111411",NA,0,"MSU campus trees project student observer, pre 2026"
-8807,NA,NA,"88111424",NA,0,"MSU campus trees project student observer, pre 2026"
-8808,NA,NA,"88118981",NA,0,"MSU campus trees project student observer, pre 2026"
-8809,NA,NA,"88162049",NA,0,"MSU campus trees project student observer, pre 2026"
-8810,NA,NA,"88168917",NA,0,"MSU campus trees project student observer, pre 2026"
-8811,NA,NA,"88202055",NA,0,"MSU campus trees project student observer, pre 2026"
-8812,NA,NA,"88218897",NA,0,"MSU campus trees project student observer, pre 2026"
-8813,NA,NA,"88266114",NA,0,"MSU campus trees project student observer, pre 2026"
-8814,NA,NA,"88300200",NA,0,"MSU campus trees project student observer, pre 2026"
-8815,NA,NA,"88320244",NA,0,"MSU campus trees project student observer, pre 2026"
-8816,NA,NA,"88326356",NA,0,"MSU campus trees project student observer, pre 2026"
-8817,NA,NA,"88409572",NA,0,"MSU campus trees project student observer, pre 2026"
-8818,NA,NA,"88497850",NA,0,"MSU campus trees project student observer, pre 2026"
-8819,NA,NA,"88509126",NA,0,"MSU campus trees project student observer, pre 2026"
-8820,NA,NA,"88530586",NA,0,"MSU campus trees project student observer, pre 2026"
-8821,NA,NA,"88537246",NA,0,"MSU campus trees project student observer, pre 2026"
-8822,NA,NA,"88561086",NA,0,"MSU campus trees project student observer, pre 2026"
-8823,NA,NA,"88562922",NA,0,"MSU campus trees project student observer, pre 2026"
-8824,NA,NA,"88575668",NA,0,"MSU campus trees project student observer, pre 2026"
-8825,NA,NA,"88601247",NA,0,"MSU campus trees project student observer, pre 2026"
-8826,NA,NA,"88625542",NA,0,"MSU campus trees project student observer, pre 2026"
-8827,NA,NA,"88718329",NA,0,"MSU campus trees project student observer, pre 2026"
-8828,NA,NA,"88737233",NA,0,"MSU campus trees project student observer, pre 2026"
-8829,NA,NA,"88765791",NA,0,"MSU campus trees project student observer, pre 2026"
-8830,NA,NA,"88790098",NA,0,"MSU campus trees project student observer, pre 2026"
-8831,NA,NA,"88792445",NA,0,"MSU campus trees project student observer, pre 2026"
-8832,NA,NA,"88794898",NA,0,"MSU campus trees project student observer, pre 2026"
-8833,NA,NA,"88801744",NA,0,"MSU campus trees project student observer, pre 2026"
-8834,NA,NA,"88829358",NA,0,"MSU campus trees project student observer, pre 2026"
-8835,NA,NA,"88846317",NA,0,"MSU campus trees project student observer, pre 2026"
-8836,NA,NA,"88856603",NA,0,"MSU campus trees project student observer, pre 2026"
-8837,NA,NA,"88861482",NA,0,"MSU campus trees project student observer, pre 2026"
-8838,NA,NA,"88863965",NA,0,"MSU campus trees project student observer, pre 2026"
-8839,NA,NA,"88870127",NA,0,"MSU campus trees project student observer, pre 2026"
-8840,NA,NA,"88919095",NA,0,"MSU campus trees project student observer, pre 2026"
-8841,NA,NA,"88925536",NA,0,"MSU campus trees project student observer, pre 2026"
-8842,NA,NA,"88957700",NA,0,"MSU campus trees project student observer, pre 2026"
-8843,NA,NA,"88974745",NA,0,"MSU campus trees project student observer, pre 2026"
-8844,NA,NA,"88976768",NA,0,"MSU campus trees project student observer, pre 2026"
-8845,NA,NA,"89024750",NA,0,"MSU campus trees project student observer, pre 2026"
-8846,NA,NA,"89036427",NA,0,"MSU campus trees project student observer, pre 2026"
-8847,NA,NA,"89073552",NA,0,"MSU campus trees project student observer, pre 2026"
-8848,NA,NA,"89092744",NA,0,"MSU campus trees project student observer, pre 2026"
-8849,NA,NA,"89137419",NA,0,"MSU campus trees project student observer, pre 2026"
-8850,NA,NA,"89152675",NA,0,"MSU campus trees project student observer, pre 2026"
-8851,NA,NA,"89171640",NA,0,"MSU campus trees project student observer, pre 2026"
-8852,NA,NA,"89193283",NA,0,"MSU campus trees project student observer, pre 2026"
-8853,NA,NA,"89198139",NA,0,"MSU campus trees project student observer, pre 2026"
-8854,NA,NA,"89223906",NA,0,"MSU campus trees project student observer, pre 2026"
-8855,NA,NA,"89258977",NA,0,"MSU campus trees project student observer, pre 2026"
-8856,NA,NA,"89261884",NA,0,"MSU campus trees project student observer, pre 2026"
-8857,NA,NA,"89310552",NA,0,"MSU campus trees project student observer, pre 2026"
-8858,NA,NA,"89356320",NA,0,"MSU campus trees project student observer, pre 2026"
-8859,NA,NA,"89406901",NA,0,"MSU campus trees project student observer, pre 2026"
-8860,NA,NA,"89414364",NA,0,"MSU campus trees project student observer, pre 2026"
-8861,NA,NA,"89429622",NA,0,"MSU campus trees project student observer, pre 2026"
-8862,NA,NA,"89488888",NA,0,"MSU campus trees project student observer, pre 2026"
-8863,NA,NA,"89491330",NA,0,"MSU campus trees project student observer, pre 2026"
-8864,NA,NA,"89531385",NA,0,"MSU campus trees project student observer, pre 2026"
-8865,NA,NA,"89550399",NA,0,"MSU campus trees project student observer, pre 2026"
-8866,NA,NA,"89658529",NA,0,"MSU campus trees project student observer, pre 2026"
-8867,NA,NA,"89676439",NA,0,"MSU campus trees project student observer, pre 2026"
-8868,NA,NA,"89685359",NA,0,"MSU campus trees project student observer, pre 2026"
-8869,NA,NA,"89816768",NA,0,"MSU campus trees project student observer, pre 2026"
-8870,NA,NA,"89889414",NA,0,"MSU campus trees project student observer, pre 2026"
-8871,NA,NA,"89901597",NA,0,"MSU campus trees project student observer, pre 2026"
-8872,NA,NA,"89982052",NA,0,"MSU campus trees project student observer, pre 2026"
-8873,NA,NA,"90017060",NA,0,"MSU campus trees project student observer, pre 2026"
-8874,NA,NA,"90075474",NA,0,"MSU campus trees project student observer, pre 2026"
-8875,NA,NA,"90079302",NA,0,"MSU campus trees project student observer, pre 2026"
-8876,NA,NA,"90318421",NA,0,"MSU campus trees project student observer, pre 2026"
-8877,NA,NA,"90337846",NA,0,"MSU campus trees project student observer, pre 2026"
-8878,NA,NA,"90379006",NA,0,"MSU campus trees project student observer, pre 2026"
-8879,NA,NA,"90402330",NA,0,"MSU campus trees project student observer, pre 2026"
-8880,NA,NA,"90406124",NA,0,"MSU campus trees project student observer, pre 2026"
-8881,NA,NA,"90450013",NA,0,"MSU campus trees project student observer, pre 2026"
-8882,NA,NA,"90513374",NA,0,"MSU campus trees project student observer, pre 2026"
-8883,NA,NA,"90528723",NA,0,"MSU campus trees project student observer, pre 2026"
-8884,NA,NA,"90533387",NA,0,"MSU campus trees project student observer, pre 2026"
-8885,NA,NA,"90555521",NA,0,"MSU campus trees project student observer, pre 2026"
-8886,NA,NA,"90559777",NA,0,"MSU campus trees project student observer, pre 2026"
-8887,NA,NA,"90606335",NA,0,"MSU campus trees project student observer, pre 2026"
-8888,NA,NA,"90619235",NA,0,"MSU campus trees project student observer, pre 2026"
-8889,NA,NA,"90643795",NA,0,"MSU campus trees project student observer, pre 2026"
-8890,NA,NA,"90656157",NA,0,"MSU campus trees project student observer, pre 2026"
-8891,NA,NA,"90658671",NA,0,"MSU campus trees project student observer, pre 2026"
-8892,NA,NA,"90678649",NA,0,"MSU campus trees project student observer, pre 2026"
-8893,NA,NA,"90701402",NA,0,"MSU campus trees project student observer, pre 2026"
-8894,NA,NA,"90713713",NA,0,"MSU campus trees project student observer, pre 2026"
-8895,NA,NA,"90748052",NA,0,"MSU campus trees project student observer, pre 2026"
-8896,NA,NA,"90752682",NA,0,"MSU campus trees project student observer, pre 2026"
-8897,NA,NA,"90771106",NA,0,"MSU campus trees project student observer, pre 2026"
-8898,NA,NA,"90809004",NA,0,"MSU campus trees project student observer, pre 2026"
-8899,NA,NA,"90818861",NA,0,"MSU campus trees project student observer, pre 2026"
-8900,NA,NA,"90819242",NA,0,"MSU campus trees project student observer, pre 2026"
-8901,NA,NA,"90859471",NA,0,"MSU campus trees project student observer, pre 2026"
-8902,NA,NA,"90998104",NA,0,"MSU campus trees project student observer, pre 2026"
-8903,NA,NA,"91008804",NA,0,"MSU campus trees project student observer, pre 2026"
-8904,NA,NA,"91033646",NA,0,"MSU campus trees project student observer, pre 2026"
-8905,NA,NA,"91041338",NA,0,"MSU campus trees project student observer, pre 2026"
-8906,NA,NA,"91057692",NA,0,"MSU campus trees project student observer, pre 2026"
-8907,NA,NA,"91060401",NA,0,"MSU campus trees project student observer, pre 2026"
-8908,NA,NA,"91070491",NA,0,"MSU campus trees project student observer, pre 2026"
-8909,NA,NA,"91194884",NA,0,"MSU campus trees project student observer, pre 2026"
-8910,NA,NA,"91196147",NA,0,"MSU campus trees project student observer, pre 2026"
-8911,NA,NA,"91209892",NA,0,"MSU campus trees project student observer, pre 2026"
-8912,NA,NA,"91268868",NA,0,"MSU campus trees project student observer, pre 2026"
-8913,NA,NA,"91282078",NA,0,"MSU campus trees project student observer, pre 2026"
-8914,NA,NA,"91349456",NA,0,"MSU campus trees project student observer, pre 2026"
-8915,NA,NA,"91352751",NA,0,"MSU campus trees project student observer, pre 2026"
-8916,NA,NA,"91374810",NA,0,"MSU campus trees project student observer, pre 2026"
-8917,NA,NA,"91410773",NA,0,"MSU campus trees project student observer, pre 2026"
-8918,NA,NA,"91439965",NA,0,"MSU campus trees project student observer, pre 2026"
-8919,NA,NA,"91445675",NA,0,"MSU campus trees project student observer, pre 2026"
-8920,NA,NA,"91537203",NA,0,"MSU campus trees project student observer, pre 2026"
-8921,NA,NA,"91584081",NA,0,"MSU campus trees project student observer, pre 2026"
-8922,NA,NA,"91591173",NA,0,"MSU campus trees project student observer, pre 2026"
-8923,NA,NA,"91603202",NA,0,"MSU campus trees project student observer, pre 2026"
-8924,NA,NA,"91648159",NA,0,"MSU campus trees project student observer, pre 2026"
-8925,NA,NA,"91726957",NA,0,"MSU campus trees project student observer, pre 2026"
-8926,NA,NA,"91748628",NA,0,"MSU campus trees project student observer, pre 2026"
-8927,NA,NA,"91822271",NA,0,"MSU campus trees project student observer, pre 2026"
-8928,NA,NA,"91885625",NA,0,"MSU campus trees project student observer, pre 2026"
-8929,NA,NA,"91937942",NA,0,"MSU campus trees project student observer, pre 2026"
-8930,NA,NA,"91952748",NA,0,"MSU campus trees project student observer, pre 2026"
-8931,NA,NA,"91953201",NA,0,"MSU campus trees project student observer, pre 2026"
-8932,NA,NA,"91965454",NA,0,"MSU campus trees project student observer, pre 2026"
-8933,NA,NA,"91965522",NA,0,"MSU campus trees project student observer, pre 2026"
-8934,NA,NA,"92001113",NA,0,"MSU campus trees project student observer, pre 2026"
-8935,NA,NA,"92015148",NA,0,"MSU campus trees project student observer, pre 2026"
-8936,NA,NA,"92038033",NA,0,"MSU campus trees project student observer, pre 2026"
-8937,NA,NA,"92127748",NA,0,"MSU campus trees project student observer, pre 2026"
-8938,NA,NA,"92129094",NA,0,"MSU campus trees project student observer, pre 2026"
-8939,NA,NA,"92131262",NA,0,"MSU campus trees project student observer, pre 2026"
-8940,NA,NA,"92136762",NA,0,"MSU campus trees project student observer, pre 2026"
-8941,NA,NA,"92145135",NA,0,"MSU campus trees project student observer, pre 2026"
-8942,NA,NA,"92197144",NA,0,"MSU campus trees project student observer, pre 2026"
-8943,NA,NA,"92200639",NA,0,"MSU campus trees project student observer, pre 2026"
-8944,NA,NA,"92236266",NA,0,"MSU campus trees project student observer, pre 2026"
-8945,NA,NA,"92277791",NA,0,"MSU campus trees project student observer, pre 2026"
-8946,NA,NA,"92288396",NA,0,"MSU campus trees project student observer, pre 2026"
-8947,NA,NA,"92303752",NA,0,"MSU campus trees project student observer, pre 2026"
-8948,NA,NA,"92309619",NA,0,"MSU campus trees project student observer, pre 2026"
-8949,NA,NA,"92318572",NA,0,"MSU campus trees project student observer, pre 2026"
-8950,NA,NA,"92324269",NA,0,"MSU campus trees project student observer, pre 2026"
-8951,NA,NA,"92352575",NA,0,"MSU campus trees project student observer, pre 2026"
-8952,NA,NA,"92396440",NA,0,"MSU campus trees project student observer, pre 2026"
-8953,NA,NA,"92412506",NA,0,"MSU campus trees project student observer, pre 2026"
-8954,NA,NA,"92477699",NA,0,"MSU campus trees project student observer, pre 2026"
-8955,NA,NA,"92480839",NA,0,"MSU campus trees project student observer, pre 2026"
-8956,NA,NA,"92528126",NA,0,"MSU campus trees project student observer, pre 2026"
-8957,NA,NA,"92593261",NA,0,"MSU campus trees project student observer, pre 2026"
-8958,NA,NA,"92601456",NA,0,"MSU campus trees project student observer, pre 2026"
-8959,NA,NA,"92610318",NA,0,"MSU campus trees project student observer, pre 2026"
-8960,NA,NA,"92674153",NA,0,"MSU campus trees project student observer, pre 2026"
-8961,NA,NA,"92713154",NA,0,"MSU campus trees project student observer, pre 2026"
-8962,NA,NA,"92747124",NA,0,"MSU campus trees project student observer, pre 2026"
-8963,NA,NA,"92750049",NA,0,"MSU campus trees project student observer, pre 2026"
-8964,NA,NA,"92758422",NA,0,"MSU campus trees project student observer, pre 2026"
-8965,NA,NA,"92760591",NA,0,"MSU campus trees project student observer, pre 2026"
-8966,NA,NA,"92761909",NA,0,"MSU campus trees project student observer, pre 2026"
-8967,NA,NA,"92769069",NA,0,"MSU campus trees project student observer, pre 2026"
-8968,NA,NA,"92822193",NA,0,"MSU campus trees project student observer, pre 2026"
-8969,NA,NA,"92890911",NA,0,"MSU campus trees project student observer, pre 2026"
-8970,NA,NA,"92916519",NA,0,"MSU campus trees project student observer, pre 2026"
-8971,NA,NA,"92963281",NA,0,"MSU campus trees project student observer, pre 2026"
-8972,NA,NA,"92969386",NA,0,"MSU campus trees project student observer, pre 2026"
-8973,NA,NA,"92992352",NA,0,"MSU campus trees project student observer, pre 2026"
-8974,NA,NA,"93038222",NA,0,"MSU campus trees project student observer, pre 2026"
-8975,NA,NA,"93048543",NA,0,"MSU campus trees project student observer, pre 2026"
-8976,NA,NA,"93061751",NA,0,"MSU campus trees project student observer, pre 2026"
-8977,NA,NA,"93147076",NA,0,"MSU campus trees project student observer, pre 2026"
-8978,NA,NA,"93162727",NA,0,"MSU campus trees project student observer, pre 2026"
-8979,NA,NA,"93187579",NA,0,"MSU campus trees project student observer, pre 2026"
-8980,NA,NA,"93244504",NA,0,"MSU campus trees project student observer, pre 2026"
-8981,NA,NA,"93280189",NA,0,"MSU campus trees project student observer, pre 2026"
-8982,NA,NA,"93396695",NA,0,"MSU campus trees project student observer, pre 2026"
-8983,NA,NA,"93493637",NA,0,"MSU campus trees project student observer, pre 2026"
-8984,NA,NA,"93595302",NA,0,"MSU campus trees project student observer, pre 2026"
-8985,NA,NA,"93606405",NA,0,"MSU campus trees project student observer, pre 2026"
-8986,NA,NA,"93613540",NA,0,"MSU campus trees project student observer, pre 2026"
-8987,NA,NA,"93656534",NA,0,"MSU campus trees project student observer, pre 2026"
-8988,NA,NA,"93812494",NA,0,"MSU campus trees project student observer, pre 2026"
-8989,NA,NA,"93821294",NA,0,"MSU campus trees project student observer, pre 2026"
-8990,NA,NA,"93863862",NA,0,"MSU campus trees project student observer, pre 2026"
-8991,NA,NA,"93869460",NA,0,"MSU campus trees project student observer, pre 2026"
-8992,NA,NA,"93939868",NA,0,"MSU campus trees project student observer, pre 2026"
-8993,NA,NA,"93941829",NA,0,"MSU campus trees project student observer, pre 2026"
-8994,NA,NA,"94007730",NA,0,"MSU campus trees project student observer, pre 2026"
-8995,NA,NA,"94033768",NA,0,"MSU campus trees project student observer, pre 2026"
-8996,NA,NA,"94036052",NA,0,"MSU campus trees project student observer, pre 2026"
-8997,NA,NA,"94049743",NA,0,"MSU campus trees project student observer, pre 2026"
-8998,NA,NA,"94096955",NA,0,"MSU campus trees project student observer, pre 2026"
-8999,NA,NA,"94147019",NA,0,"MSU campus trees project student observer, pre 2026"
-9000,NA,NA,"94150916",NA,0,"MSU campus trees project student observer, pre 2026"
-9001,NA,NA,"94172905",NA,0,"MSU campus trees project student observer, pre 2026"
-9002,NA,NA,"94181361",NA,0,"MSU campus trees project student observer, pre 2026"
-9003,NA,NA,"94181776",NA,0,"MSU campus trees project student observer, pre 2026"
-9004,NA,NA,"94183399",NA,0,"MSU campus trees project student observer, pre 2026"
-9005,NA,NA,"94205121",NA,0,"MSU campus trees project student observer, pre 2026"
-9006,NA,NA,"94224219",NA,0,"MSU campus trees project student observer, pre 2026"
-9007,NA,NA,"94239339",NA,0,"MSU campus trees project student observer, pre 2026"
-9008,NA,NA,"94243811",NA,0,"MSU campus trees project student observer, pre 2026"
-9009,NA,NA,"94261431",NA,0,"MSU campus trees project student observer, pre 2026"
-9010,NA,NA,"94285954",NA,0,"MSU campus trees project student observer, pre 2026"
-9011,NA,NA,"94294878",NA,0,"MSU campus trees project student observer, pre 2026"
-9012,NA,NA,"94337368",NA,0,"MSU campus trees project student observer, pre 2026"
-9013,NA,NA,"94359696",NA,0,"MSU campus trees project student observer, pre 2026"
-9014,NA,NA,"94448931",NA,0,"MSU campus trees project student observer, pre 2026"
-9015,NA,NA,"94528589",NA,0,"MSU campus trees project student observer, pre 2026"
-9016,NA,NA,"94529737",NA,0,"MSU campus trees project student observer, pre 2026"
-9017,NA,NA,"94538075",NA,0,"MSU campus trees project student observer, pre 2026"
-9018,NA,NA,"94550473",NA,0,"MSU campus trees project student observer, pre 2026"
-9019,NA,NA,"94579168",NA,0,"MSU campus trees project student observer, pre 2026"
-9020,NA,NA,"94600656",NA,0,"MSU campus trees project student observer, pre 2026"
-9021,NA,NA,"94606316",NA,0,"MSU campus trees project student observer, pre 2026"
-9022,NA,NA,"94624185",NA,0,"MSU campus trees project student observer, pre 2026"
-9023,NA,NA,"94647838",NA,0,"MSU campus trees project student observer, pre 2026"
-9024,NA,NA,"94659490",NA,0,"MSU campus trees project student observer, pre 2026"
-9025,NA,NA,"94696708",NA,0,"MSU campus trees project student observer, pre 2026"
-9026,NA,NA,"94744149",NA,0,"MSU campus trees project student observer, pre 2026"
-9027,NA,NA,"94753951",NA,0,"MSU campus trees project student observer, pre 2026"
-9028,NA,NA,"94767815",NA,0,"MSU campus trees project student observer, pre 2026"
-9029,NA,NA,"94803202",NA,0,"MSU campus trees project student observer, pre 2026"
-9030,NA,NA,"94882324",NA,0,"MSU campus trees project student observer, pre 2026"
-9031,NA,NA,"94996847",NA,0,"MSU campus trees project student observer, pre 2026"
-9032,NA,NA,"95101620",NA,0,"MSU campus trees project student observer, pre 2026"
-9033,NA,NA,"95107024",NA,0,"MSU campus trees project student observer, pre 2026"
-9034,NA,NA,"95119719",NA,0,"MSU campus trees project student observer, pre 2026"
-9035,NA,NA,"95168694",NA,0,"MSU campus trees project student observer, pre 2026"
-9036,NA,NA,"95196059",NA,0,"MSU campus trees project student observer, pre 2026"
-9037,NA,NA,"95234783",NA,0,"MSU campus trees project student observer, pre 2026"
-9038,NA,NA,"95236691",NA,0,"MSU campus trees project student observer, pre 2026"
-9039,NA,NA,"95247343",NA,0,"MSU campus trees project student observer, pre 2026"
-9040,NA,NA,"95274625",NA,0,"MSU campus trees project student observer, pre 2026"
-9041,NA,NA,"95286490",NA,0,"MSU campus trees project student observer, pre 2026"
-9042,NA,NA,"95290490",NA,0,"MSU campus trees project student observer, pre 2026"
-9043,NA,NA,"95297505",NA,0,"MSU campus trees project student observer, pre 2026"
-9044,NA,NA,"95312117",NA,0,"MSU campus trees project student observer, pre 2026"
-9045,NA,NA,"95320597",NA,0,"MSU campus trees project student observer, pre 2026"
-9046,NA,NA,"95325906",NA,0,"MSU campus trees project student observer, pre 2026"
-9047,NA,NA,"95348623",NA,0,"MSU campus trees project student observer, pre 2026"
-9048,NA,NA,"95374724",NA,0,"MSU campus trees project student observer, pre 2026"
-9049,NA,NA,"95399991",NA,0,"MSU campus trees project student observer, pre 2026"
-9050,NA,NA,"95412455",NA,0,"MSU campus trees project student observer, pre 2026"
-9051,NA,NA,"95492437",NA,0,"MSU campus trees project student observer, pre 2026"
-9052,NA,NA,"95496762",NA,0,"MSU campus trees project student observer, pre 2026"
-9053,NA,NA,"95511238",NA,0,"MSU campus trees project student observer, pre 2026"
-9054,NA,NA,"95557426",NA,0,"MSU campus trees project student observer, pre 2026"
-9055,NA,NA,"95701508",NA,0,"MSU campus trees project student observer, pre 2026"
-9056,NA,NA,"95707099",NA,0,"MSU campus trees project student observer, pre 2026"
-9057,NA,NA,"95841750",NA,0,"MSU campus trees project student observer, pre 2026"
-9058,NA,NA,"95851634",NA,0,"MSU campus trees project student observer, pre 2026"
-9059,NA,NA,"95867494",NA,0,"MSU campus trees project student observer, pre 2026"
-9060,NA,NA,"95897009",NA,0,"MSU campus trees project student observer, pre 2026"
-9061,NA,NA,"95923958",NA,0,"MSU campus trees project student observer, pre 2026"
-9062,NA,NA,"95931788",NA,0,"MSU campus trees project student observer, pre 2026"
-9063,NA,NA,"96073074",NA,0,"MSU campus trees project student observer, pre 2026"
-9064,NA,NA,"96098989",NA,0,"MSU campus trees project student observer, pre 2026"
-9065,NA,NA,"96104341",NA,0,"MSU campus trees project student observer, pre 2026"
-9066,NA,NA,"96140772",NA,0,"MSU campus trees project student observer, pre 2026"
-9067,NA,NA,"96143287",NA,0,"MSU campus trees project student observer, pre 2026"
-9068,NA,NA,"96163699",NA,0,"MSU campus trees project student observer, pre 2026"
-9069,NA,NA,"96213775",NA,0,"MSU campus trees project student observer, pre 2026"
-9070,NA,NA,"96247270",NA,0,"MSU campus trees project student observer, pre 2026"
-9071,NA,NA,"96289173",NA,0,"MSU campus trees project student observer, pre 2026"
-9072,NA,NA,"96385604",NA,0,"MSU campus trees project student observer, pre 2026"
-9073,NA,NA,"96396181",NA,0,"MSU campus trees project student observer, pre 2026"
-9074,NA,NA,"96404140",NA,0,"MSU campus trees project student observer, pre 2026"
-9075,NA,NA,"96493159",NA,0,"MSU campus trees project student observer, pre 2026"
-9076,NA,NA,"96493963",NA,0,"MSU campus trees project student observer, pre 2026"
-9077,NA,NA,"96517548",NA,0,"MSU campus trees project student observer, pre 2026"
-9078,NA,NA,"96561742",NA,0,"MSU campus trees project student observer, pre 2026"
-9079,NA,NA,"96567507",NA,0,"MSU campus trees project student observer, pre 2026"
-9080,NA,NA,"96644691",NA,0,"MSU campus trees project student observer, pre 2026"
-9081,NA,NA,"96661331",NA,0,"MSU campus trees project student observer, pre 2026"
-9082,NA,NA,"96709811",NA,0,"MSU campus trees project student observer, pre 2026"
-9083,NA,NA,"96737825",NA,0,"MSU campus trees project student observer, pre 2026"
-9084,NA,NA,"96763732",NA,0,"MSU campus trees project student observer, pre 2026"
-9085,NA,NA,"96800771",NA,0,"MSU campus trees project student observer, pre 2026"
-9086,NA,NA,"96811437",NA,0,"MSU campus trees project student observer, pre 2026"
-9087,NA,NA,"96813728",NA,0,"MSU campus trees project student observer, pre 2026"
-9088,NA,NA,"96815345",NA,0,"MSU campus trees project student observer, pre 2026"
-9089,NA,NA,"96819890",NA,0,"MSU campus trees project student observer, pre 2026"
-9090,NA,NA,"96862021",NA,0,"MSU campus trees project student observer, pre 2026"
-9091,NA,NA,"96867736",NA,0,"MSU campus trees project student observer, pre 2026"
-9092,NA,NA,"96913311",NA,0,"MSU campus trees project student observer, pre 2026"
-9093,NA,NA,"96954137",NA,0,"MSU campus trees project student observer, pre 2026"
-9094,NA,NA,"96974018",NA,0,"MSU campus trees project student observer, pre 2026"
-9095,NA,NA,"97066955",NA,0,"MSU campus trees project student observer, pre 2026"
-9096,NA,NA,"97083019",NA,0,"MSU campus trees project student observer, pre 2026"
-9097,NA,NA,"97084324",NA,0,"MSU campus trees project student observer, pre 2026"
-9098,NA,NA,"97088002",NA,0,"MSU campus trees project student observer, pre 2026"
-9099,NA,NA,"97096391",NA,0,"MSU campus trees project student observer, pre 2026"
-9100,NA,NA,"97117498",NA,0,"MSU campus trees project student observer, pre 2026"
-9101,NA,NA,"97173800",NA,0,"MSU campus trees project student observer, pre 2026"
-9102,NA,NA,"97193772",NA,0,"MSU campus trees project student observer, pre 2026"
-9103,NA,NA,"97213368",NA,0,"MSU campus trees project student observer, pre 2026"
-9104,NA,NA,"97236453",NA,0,"MSU campus trees project student observer, pre 2026"
-9105,NA,NA,"97246170",NA,0,"MSU campus trees project student observer, pre 2026"
-9106,NA,NA,"97257041",NA,0,"MSU campus trees project student observer, pre 2026"
-9107,NA,NA,"97291270",NA,0,"MSU campus trees project student observer, pre 2026"
-9108,NA,NA,"97307923",NA,0,"MSU campus trees project student observer, pre 2026"
-9109,NA,NA,"97316837",NA,0,"MSU campus trees project student observer, pre 2026"
-9110,NA,NA,"97445063",NA,0,"MSU campus trees project student observer, pre 2026"
-9111,NA,NA,"97497323",NA,0,"MSU campus trees project student observer, pre 2026"
-9112,NA,NA,"97541302",NA,0,"MSU campus trees project student observer, pre 2026"
-9113,NA,NA,"97542257",NA,0,"MSU campus trees project student observer, pre 2026"
-9114,NA,NA,"97603034",NA,0,"MSU campus trees project student observer, pre 2026"
-9115,NA,NA,"97612864",NA,0,"MSU campus trees project student observer, pre 2026"
-9116,NA,NA,"97619840",NA,0,"MSU campus trees project student observer, pre 2026"
-9117,NA,NA,"97632876",NA,0,"MSU campus trees project student observer, pre 2026"
-9118,NA,NA,"97636011",NA,0,"MSU campus trees project student observer, pre 2026"
-9119,NA,NA,"97698977",NA,0,"MSU campus trees project student observer, pre 2026"
-9120,NA,NA,"97700920",NA,0,"MSU campus trees project student observer, pre 2026"
-9121,NA,NA,"97723563",NA,0,"MSU campus trees project student observer, pre 2026"
-9122,NA,NA,"97763574",NA,0,"MSU campus trees project student observer, pre 2026"
-9123,NA,NA,"97788644",NA,0,"MSU campus trees project student observer, pre 2026"
-9124,NA,NA,"97803877",NA,0,"MSU campus trees project student observer, pre 2026"
-9125,NA,NA,"97858790",NA,0,"MSU campus trees project student observer, pre 2026"
-9126,NA,NA,"97874236",NA,0,"MSU campus trees project student observer, pre 2026"
-9127,NA,NA,"97890839",NA,0,"MSU campus trees project student observer, pre 2026"
-9128,NA,NA,"97957325",NA,0,"MSU campus trees project student observer, pre 2026"
-9129,NA,NA,"97990153",NA,0,"MSU campus trees project student observer, pre 2026"
-9130,NA,NA,"98041928",NA,0,"MSU campus trees project student observer, pre 2026"
-9131,NA,NA,"98046724",NA,0,"MSU campus trees project student observer, pre 2026"
-9132,NA,NA,"98066606",NA,0,"MSU campus trees project student observer, pre 2026"
-9133,NA,NA,"98087592",NA,0,"MSU campus trees project student observer, pre 2026"
-9134,NA,NA,"98096028",NA,0,"MSU campus trees project student observer, pre 2026"
-9135,NA,NA,"98100068",NA,0,"MSU campus trees project student observer, pre 2026"
-9136,NA,NA,"98129387",NA,0,"MSU campus trees project student observer, pre 2026"
-9137,NA,NA,"98179919",NA,0,"MSU campus trees project student observer, pre 2026"
-9138,NA,NA,"98180279",NA,0,"MSU campus trees project student observer, pre 2026"
-9139,NA,NA,"98208384",NA,0,"MSU campus trees project student observer, pre 2026"
-9140,NA,NA,"98225848",NA,0,"MSU campus trees project student observer, pre 2026"
-9141,NA,NA,"98261350",NA,0,"MSU campus trees project student observer, pre 2026"
-9142,NA,NA,"98321658",NA,0,"MSU campus trees project student observer, pre 2026"
-9143,NA,NA,"98327928",NA,0,"MSU campus trees project student observer, pre 2026"
-9144,NA,NA,"98331191",NA,0,"MSU campus trees project student observer, pre 2026"
-9145,NA,NA,"98346368",NA,0,"MSU campus trees project student observer, pre 2026"
-9146,NA,NA,"98490146",NA,0,"MSU campus trees project student observer, pre 2026"
-9147,NA,NA,"98505749",NA,0,"MSU campus trees project student observer, pre 2026"
-9148,NA,NA,"98550087",NA,0,"MSU campus trees project student observer, pre 2026"
-9149,NA,NA,"98564046",NA,0,"MSU campus trees project student observer, pre 2026"
-9150,NA,NA,"98564202",NA,0,"MSU campus trees project student observer, pre 2026"
-9151,NA,NA,"98621933",NA,0,"MSU campus trees project student observer, pre 2026"
-9152,NA,NA,"98629521",NA,0,"MSU campus trees project student observer, pre 2026"
-9153,NA,NA,"98646118",NA,0,"MSU campus trees project student observer, pre 2026"
-9154,NA,NA,"98676119",NA,0,"MSU campus trees project student observer, pre 2026"
-9155,NA,NA,"98676548",NA,0,"MSU campus trees project student observer, pre 2026"
-9156,NA,NA,"98712624",NA,0,"MSU campus trees project student observer, pre 2026"
-9157,NA,NA,"98736589",NA,0,"MSU campus trees project student observer, pre 2026"
-9158,NA,NA,"98762403",NA,0,"MSU campus trees project student observer, pre 2026"
-9159,NA,NA,"98797812",NA,0,"MSU campus trees project student observer, pre 2026"
-9160,NA,NA,"98843810",NA,0,"MSU campus trees project student observer, pre 2026"
-9161,NA,NA,"98853213",NA,0,"MSU campus trees project student observer, pre 2026"
-9162,NA,NA,"98875899",NA,0,"MSU campus trees project student observer, pre 2026"
-9163,NA,NA,"98882990",NA,0,"MSU campus trees project student observer, pre 2026"
-9164,NA,NA,"98944390",NA,0,"MSU campus trees project student observer, pre 2026"
-9165,NA,NA,"98958901",NA,0,"MSU campus trees project student observer, pre 2026"
-9166,NA,NA,"98973269",NA,0,"MSU campus trees project student observer, pre 2026"
-9167,NA,NA,"98976402",NA,0,"MSU campus trees project student observer, pre 2026"
-9168,NA,NA,"98980686",NA,0,"MSU campus trees project student observer, pre 2026"
-9169,NA,NA,"98984600",NA,0,"MSU campus trees project student observer, pre 2026"
-9170,NA,NA,"99002590",NA,0,"MSU campus trees project student observer, pre 2026"
-9171,NA,NA,"99015959",NA,0,"MSU campus trees project student observer, pre 2026"
-9172,NA,NA,"99072776",NA,0,"MSU campus trees project student observer, pre 2026"
-9173,NA,NA,"99075955",NA,0,"MSU campus trees project student observer, pre 2026"
-9174,NA,NA,"99080785",NA,0,"MSU campus trees project student observer, pre 2026"
-9175,NA,NA,"99120253",NA,0,"MSU campus trees project student observer, pre 2026"
-9176,NA,NA,"99137660",NA,0,"MSU campus trees project student observer, pre 2026"
-9177,NA,NA,"99151283",NA,0,"MSU campus trees project student observer, pre 2026"
-9178,NA,NA,"99181299",NA,0,"MSU campus trees project student observer, pre 2026"
-9179,NA,NA,"99213224",NA,0,"MSU campus trees project student observer, pre 2026"
-9180,NA,NA,"99238740",NA,0,"MSU campus trees project student observer, pre 2026"
-9181,NA,NA,"99250693",NA,0,"MSU campus trees project student observer, pre 2026"
-9182,NA,NA,"99292409",NA,0,"MSU campus trees project student observer, pre 2026"
-9183,NA,NA,"99301507",NA,0,"MSU campus trees project student observer, pre 2026"
-9184,NA,NA,"99328936",NA,0,"MSU campus trees project student observer, pre 2026"
-9185,NA,NA,"99329929",NA,0,"MSU campus trees project student observer, pre 2026"
-9186,NA,NA,"99336704",NA,0,"MSU campus trees project student observer, pre 2026"
-9187,NA,NA,"99343306",NA,0,"MSU campus trees project student observer, pre 2026"
-9188,NA,NA,"99373439",NA,0,"MSU campus trees project student observer, pre 2026"
-9189,NA,NA,"99379031",NA,0,"MSU campus trees project student observer, pre 2026"
-9190,NA,NA,"99391198",NA,0,"MSU campus trees project student observer, pre 2026"
-9191,NA,NA,"99430857",NA,0,"MSU campus trees project student observer, pre 2026"
-9192,NA,NA,"99461337",NA,0,"MSU campus trees project student observer, pre 2026"
-9193,NA,NA,"99471246",NA,0,"MSU campus trees project student observer, pre 2026"
-9194,NA,NA,"99479038",NA,0,"MSU campus trees project student observer, pre 2026"
-9195,NA,NA,"99513949",NA,0,"MSU campus trees project student observer, pre 2026"
-9196,NA,NA,"99536763",NA,0,"MSU campus trees project student observer, pre 2026"
-9197,NA,NA,"99539183",NA,0,"MSU campus trees project student observer, pre 2026"
-9198,NA,NA,"99541184",NA,0,"MSU campus trees project student observer, pre 2026"
-9199,NA,NA,"99578146",NA,0,"MSU campus trees project student observer, pre 2026"
-9200,NA,NA,"99621029",NA,0,"MSU campus trees project student observer, pre 2026"
-9201,NA,NA,"99644731",NA,0,"MSU campus trees project student observer, pre 2026"
-9202,NA,NA,"99654850",NA,0,"MSU campus trees project student observer, pre 2026"
-9203,NA,NA,"99675178",NA,0,"MSU campus trees project student observer, pre 2026"
-9204,NA,NA,"99741974",NA,0,"MSU campus trees project student observer, pre 2026"
-9205,NA,NA,"99804286",NA,0,"MSU campus trees project student observer, pre 2026"
-9206,NA,NA,"99888729",NA,0,"MSU campus trees project student observer, pre 2026"
-9207,NA,NA,"99937729",NA,0,"MSU campus trees project student observer, pre 2026"
-9208,NA,NA,"99956942",NA,0,"MSU campus trees project student observer, pre 2026"
-9209,NA,NA,"99976285",NA,0,"MSU campus trees project student observer, pre 2026"
-9210,NA,NA,"99999863",NA,0,"MSU campus trees project student observer, pre 2026"
